date,open,high,low,close,change,volume
Fri 10 Jul '26,10.4,10.4,10.3,10.4,+0.1 (+0.97%),3.37 K
Thu 09 Jul '26,10.3,10.3,9.8,10.3,+0.2 (+1.98%),7.17 K
Wed 08 Jul '26,10.4,10.4,10.1,10.1,−0.3 (−2.88%),13.95 K
Tue 07 Jul '26,10.4,10.4,10.0,10.4,+0.4 (+4.00%),17.95 K
Mon 06 Jul '26,10.4,10.4,10.0,10.0,−0.4 (−3.85%),6.3 K
Fri 03 Jul '26,10.0,10.4,10.0,10.4,0.0 (0.00%),305
Thu 02 Jul '26,10.2,10.4,10.1,10.4,+0.2 (+1.96%),22.32 K
Wed 01 Jul '26,10.4,10.4,10.1,10.2,−0.1 (−0.97%),18.64 K
Tue 30 Jun '26,10.1,10.4,10.1,10.3,+0.4 (+4.04%),103.44 K
Fri 26 Jun '26,10.0,10.2,9.9,9.9,−0.3 (−2.94%),12.13 K
Thu 25 Jun '26,10.2,10.2,10.0,10.2,+0.1 (+0.99%),29.28 K
Wed 24 Jun '26,10.3,10.3,9.8,10.1,0.0 (0.00%),54.1 K
Tue 23 Jun '26,10.5,10.8,9.5,10.1,−0.4 (−3.81%),846.77 K
Mon 22 Jun '26,11.2,11.2,9.9,10.5,−0.4 (−3.67%),974.53 K
Fri 19 Jun '26,11.0,11.1,10.9,10.9,0.0 (0.00%),5.11 K
Thu 18 Jun '26,10.9,11.1,10.5,10.9,+0.1 (+0.93%),30.7 K
Wed 17 Jun '26,11.2,11.2,10.2,10.8,−0.2 (−1.82%),33.11 K
Tue 16 Jun '26,11.5,11.5,10.0,11.0,−0.5 (−4.35%),287.23 K
Mon 15 Jun '26,11.4,11.7,11.0,11.5,+0.1 (+0.88%),272.48 K
Fri 12 Jun '26,11.4,11.5,11.0,11.4,0.0 (0.00%),16.76 K
Thu 11 Jun '26,11.2,11.4,11.0,11.4,−0.1 (−0.87%),11.4 K
Wed 10 Jun '26,11.5,11.5,11.5,11.5,0.0 (0.00%),75
Tue 09 Jun '26,11.7,11.7,11.5,11.5,−0.2 (−1.71%),4.36 K
Mon 08 Jun '26,11.8,11.8,11.1,11.7,−0.2 (−1.68%),10.56 K
Fri 05 Jun '26,11.2,11.9,11.2,11.9,0.0 (0.00%),2.2 K
Thu 04 Jun '26,11.7,11.9,11.7,11.9,0.0 (0.00%),3.1 K
Wed 03 Jun '26,11.9,11.9,11.9,11.9,0.0 (0.00%),100
Tue 02 Jun '26,11.9,11.9,11.1,11.9,0.0 (0.00%),15 K
Mon 01 Jun '26,11.9,11.9,11.9,11.9,−0.1 (−0.83%),100
Fri 29 May '26,11.9,12.0,11.7,12.0,0.0 (0.00%),15.1 K
Wed 27 May '26,12.0,12.0,12.0,12.0,0.0 (0.00%),100
Tue 26 May '26,12.0,12.0,11.7,12.0,0.0 (0.00%),3.5 K
Mon 25 May '26,11.9,12.0,11.8,12.0,0.0 (0.00%),6.1 K
Fri 22 May '26,11.9,12.0,11.7,12.0,+0.1 (+0.84%),21.03 K
Fri 06 Jun '25,12.4,12.7,11.9,12.3,+0.3 (+2.50%),36.59 K
Thu 05 Jun '25,12.4,12.4,11.9,12.0,−0.4 (−3.23%),26.65 K
Wed 04 Jun '25,12.4,12.4,12.0,12.4,+0.1 (+0.81%),9.09 K
Tue 03 Jun '25,12.1,12.3,12.1,12.3,+0.1 (+0.82%),2.21 K
Mon 02 Jun '25,12.3,12.4,12.2,12.2,−0.2 (−1.61%),17.71 K
Fri 30 May '25,12.2,12.5,12.0,12.4,0.0 (0.00%),30.75 K
Thu 29 May '25,12.7,12.7,12.0,12.4,−0.2 (−1.59%),17.44 K
Wed 28 May '25,12.8,12.8,12.5,12.6,0.0 (0.00%),4.15 K
Tue 27 May '25,12.6,12.6,12.3,12.6,0.0 (0.00%),11.8 K
Mon 26 May '25,12.6,12.6,12.4,12.6,+0.3 (+2.44%),16.18 K
Fri 23 May '25,12.4,12.6,12.2,12.3,+0.2 (+1.65%),8.37 K
Thu 22 May '25,12.0,12.4,12.0,12.1,+0.1 (+0.83%),15.43 K
Wed 21 May '25,11.8,12.1,11.8,12.0,−0.1 (−0.83%),1.99 K
Tue 20 May '25,12.0,12.1,11.9,12.1,+0.1 (+0.83%),45.6 K
Mon 19 May '25,12.7,12.7,12.0,12.0,−0.5 (−4.00%),55.87 K
Fri 16 May '25,12.9,12.9,12.2,12.5,−0.3 (−2.34%),28.09 K
Thu 15 May '25,12.1,12.8,12.1,12.8,+0.4 (+3.23%),17.42 K
Wed 14 May '25,12.1,12.6,12.1,12.4,−0.2 (−1.59%),10.73 K
Fri 09 May '25,12.0,12.6,12.0,12.6,0.0 (0.00%),4.48 K
Thu 08 May '25,12.9,13.0,12.6,12.6,+0.3 (+2.44%),3.05 K
Wed 07 May '25,12.5,13.0,12.0,12.3,−0.7 (−5.38%),21.05 K
Tue 06 May '25,12.7,13.0,12.7,13.0,+0.3 (+2.36%),1.43 K
Mon 05 May '25,13.1,13.1,12.3,12.7,+0.2 (+1.60%),19.36 K
Fri 02 May '25,12.3,13.0,12.3,12.5,+0.1 (+0.81%),9.24 K
Wed 30 Apr '25,13.2,13.2,12.4,12.4,−0.6 (−4.62%),57.58 K
Tue 29 Apr '25,13.3,13.3,12.4,13.0,+0.5 (+4.00%),142.36 K
Mon 28 Apr '25,13.4,13.4,12.4,12.5,−0.7 (−5.30%),96.84 K
Fri 25 Apr '25,12.8,13.2,12.5,13.2,+0.6 (+4.76%),146.33 K
Thu 24 Apr '25,12.5,12.6,12.3,12.6,+0.1 (+0.80%),719
Wed 23 Apr '25,12.7,12.7,12.3,12.5,+0.1 (+0.81%),306
Tue 22 Apr '25,12.3,12.4,12.3,12.4,−0.2 (−1.59%),1.32 K
Mon 21 Apr '25,12.6,12.6,12.1,12.6,+0.1 (+0.80%),7.33 K
Thu 17 Apr '25,12.6,12.6,12.0,12.5,−0.1 (−0.79%),10.68 K
Wed 16 Apr '25,11.9,12.6,11.9,12.6,+0.2 (+1.61%),3.2 K
Fri 11 Apr '25,12.5,12.5,11.9,12.4,+0.4 (+3.33%),2.39 K
Thu 10 Apr '25,12.4,12.7,12.0,12.0,∅ (∅%),8.53 K
Wed 09 Apr '25,12.0,12.0,12.0,12.0,0.0 (0.00%),155
Tue 08 Apr '25,12.3,12.3,11.8,12.0,−0.3 (−2.44%),12.46 K
Mon 07 Apr '25,11.7,12.3,11.0,12.3,0.0 (0.00%),31.52 K
Fri 04 Apr '25,11.9,12.4,11.7,12.3,0.0 (0.00%),18.5 K
Thu 03 Apr '25,12.4,12.4,12.0,12.3,+0.1 (+0.82%),5.66 K
Wed 02 Apr '25,12.7,12.7,12.2,12.2,0.0 (0.00%),78.71 K
Tue 01 Apr '25,12.7,12.7,12.2,12.2,0.0 (0.00%),36.28 K
Fri 28 Mar '25,12.0,12.8,12.0,12.2,−0.6 (−4.69%),2.29 K
Thu 27 Mar '25,12.0,12.8,11.9,12.8,+0.7 (+5.79%),8.46 K
Wed 26 Mar '25,12.1,12.1,12.1,12.1,+0.1 (+0.83%),400
Tue 25 Mar '25,12.9,12.9,12.0,12.0,−0.7 (−5.51%),32.16 K
Mon 24 Mar '25,12.1,12.9,12.1,12.7,+0.2 (+1.60%),6.17 K
Fri 21 Mar '25,13.0,13.0,12.1,12.5,0.0 (0.00%),43.03 K
Thu 20 Mar '25,12.5,12.6,12.4,12.5,+0.6 (+5.04%),15.89 K
Wed 19 Mar '25,12.5,12.5,11.9,11.9,−0.1 (−0.83%),2.19 K
Tue 18 Mar '25,12.5,12.5,12.0,12.0,0.0 (0.00%),8.35 K
Mon 17 Mar '25,12.9,12.9,12.0,12.0,−1.1 (−8.40%),21.28 K
Fri 14 Mar '25,12.4,13.5,12.4,13.1,+0.9 (+7.38%),52.31 K
Wed 12 Mar '25,11.9,12.4,11.9,12.2,+0.7 (+6.09%),2.59 K
Tue 11 Mar '25,12.0,12.5,9.1,11.5,−0.5 (−4.17%),5.97 K
Mon 14 Oct '24,11.6,12.7,11.6,12.3,+0.9 (+7.89%),73.53 K
Fri 11 Oct '24,11.0,11.4,11.0,11.4,+0.5 (+4.59%),20.34 K
Thu 10 Oct '24,10.9,10.9,10.9,10.9,0.0 (0.00%),5.31 K
Wed 09 Oct '24,11.3,11.3,10.9,10.9,−0.3 (−2.68%),507
Tue 08 Oct '24,10.8,11.2,10.8,11.2,+0.2 (+1.82%),33.78 K
Mon 07 Oct '24,11.0,11.0,11.0,11.0,−0.2 (−1.79%),10
Fri 04 Oct '24,11.2,11.3,11.2,11.2,0.0 (0.00%),5.6 K
Thu 03 Oct '24,10.7,11.3,10.7,11.2,+0.8 (+7.69%),34.95 K
Wed 02 Oct '24,10.7,10.7,10.4,10.4,−0.1 (−0.95%),116
Tue 01 Oct '24,10.5,10.5,10.5,10.5,−0.1 (−0.94%),1.1 K
Mon 30 Sep '24,10.6,10.6,10.6,10.6,0.0 (0.00%),24.8 K
Fri 27 Sep '24,10.6,10.9,10.6,10.6,−0.1 (−0.93%),5.5 K
Wed 25 Sep '24,10.7,10.7,10.7,10.7,−0.4 (−3.60%),10 K
Tue 24 Sep '24,10.9,11.1,10.9,11.1,+0.7 (+6.73%),224
Mon 23 Sep '24,10.4,10.4,10.4,10.4,−0.5 (−4.59%),1
Fri 20 Sep '24,10.0,10.9,10.0,10.9,+0.1 (+0.93%),595
Thu 19 Sep '24,10.8,10.8,10.8,10.8,+0.1 (+0.93%),66.01 K
Wed 18 Sep '24,10.7,10.7,10.7,10.7,−0.3 (−2.73%),1 K
Fri 13 Sep '24,10.5,11.0,10.5,11.0,+0.5 (+4.76%),9 K
Thu 12 Sep '24,10.5,10.5,10.3,10.5,0.0 (0.00%),5.44 K
Wed 11 Sep '24,10.4,10.5,10.4,10.5,+0.1 (+0.96%),250
Tue 10 Sep '24,10.3,10.4,10.3,10.4,+0.1 (+0.97%),61
Mon 09 Sep '24,10.3,10.3,10.3,10.3,−0.4 (−3.74%),12
Fri 06 Sep '24,11.5,11.6,10.7,10.7,+0.3 (+2.88%),1.75 K
Thu 05 Sep '24,11.0,11.0,10.4,10.4,−0.6 (−5.45%),1.44 K
Wed 04 Sep '24,11.0,11.0,11.0,11.0,+0.4 (+3.77%),700
Tue 03 Sep '24,10.6,10.6,10.6,10.6,−0.2 (−1.85%),2.5 K
Mon 02 Sep '24,10.8,10.8,10.7,10.8,0.0 (0.00%),2.5 K
Fri 30 Aug '24,10.8,10.8,10.7,10.8,+0.1 (+0.93%),5.18 K
Thu 29 Aug '24,10.8,10.9,10.7,10.7,−0.1 (−0.93%),8.11 K
Wed 28 Aug '24,10.8,10.8,10.8,10.8,−0.2 (−1.82%),1.4 K
Tue 27 Aug '24,11.2,11.2,10.8,11.0,−0.1 (−0.90%),1.63 K
Mon 26 Aug '24,11.1,11.1,11.1,11.1,+0.1 (+0.91%),10.13 K
Fri 23 Aug '24,11.5,11.5,11.0,11.0,−0.7 (−5.98%),5.98 K
Thu 22 Aug '24,11.6,11.7,11.6,11.7,0.0 (0.00%),5.05 K
Wed 21 Aug '24,11.6,11.7,11.6,11.7,∅ (∅%),9.26 K
Tue 20 Aug '24,11.9,11.9,11.7,11.7,−0.1 (−0.85%),941
Fri 16 Aug '24,11.8,11.8,11.8,11.8,−0.2 (−1.67%),5 K
Thu 15 Aug '24,11.9,12.0,11.9,12.0,−0.5 (−4.00%),19.93 K
Wed 14 Aug '24,11.6,12.8,11.6,12.5,+0.7 (+5.93%),103.82 K
Tue 13 Aug '24,11.2,11.9,11.2,11.8,+0.7 (+6.31%),186.97 K
Mon 12 Aug '24,10.7,11.3,10.4,11.1,+0.7 (+6.73%),81.06 K
Fri 09 Aug '24,10.4,10.4,10.4,10.4,0.0 (0.00%),1.23 K
Thu 08 Aug '24,10.4,10.4,10.4,10.4,−0.3 (−2.80%),201
Wed 07 Aug '24,10.3,10.7,10.3,10.7,+0.4 (+3.88%),73.38 K
Tue 06 Aug '24,10.6,10.6,10.3,10.3,0.0 (0.00%),17.82 K
Mon 05 Aug '24,10.4,10.5,10.3,10.3,0.0 (0.00%),36.6 K
Fri 02 Aug '24,10.4,10.4,10.3,10.3,−0.3 (−2.83%),1.8 K
Thu 01 Aug '24,9.6,10.6,9.6,10.6,+0.1 (+0.95%),88.66 K
Wed 31 Jul '24,10.2,10.5,10.2,10.5,+0.6 (+6.06%),1.2 K
Tue 30 Jul '24,9.9,9.9,9.9,9.9,0.0 (0.00%),200
Fri 26 Jul '24,9.9,9.9,9.9,9.9,0.0 (0.00%),1 K
Thu 25 Jul '24,9.9,9.9,9.9,9.9,+0.4 (+4.21%),1
Tue 23 Jul '24,9.5,9.5,9.5,9.5,−0.7 (−6.86%),11
Fri 19 Jul '24,9.6,10.2,9.3,10.2,+0.6 (+6.25%),6.3 K
Thu 18 Jul '24,9.6,9.6,9.6,9.6,0.0 (0.00%),1.32 K
Wed 24 Jan '24,10.3,10.3,10.3,10.3,−0.6 (−5.50%),100
Tue 23 Jan '24,10.4,10.9,10.3,10.9,−0.1 (−0.91%),2.3 K
Fri 19 Jan '24,10.4,11.1,10.4,11.0,+0.4 (+3.77%),1.2 K
Thu 18 Jan '24,10.3,10.6,10.3,10.6,+0.3 (+2.91%),801
Wed 17 Jan '24,10.4,10.4,10.2,10.3,−0.8 (−7.21%),4.5 K
Tue 16 Jan '24,10.8,11.1,10.8,11.1,+0.3 (+2.78%),11.03 K
Thu 11 Jan '24,10.8,10.8,10.2,10.8,0.0 (0.00%),13.05 K
Wed 10 Jan '24,10.5,10.8,10.5,10.8,−0.2 (−1.82%),112
Tue 09 Jan '24,10.8,11.0,10.5,11.0,+0.2 (+1.85%),1.81 K
Mon 08 Jan '24,10.6,10.8,10.6,10.8,0.0 (0.00%),3.15 K
Fri 05 Jan '24,10.3,10.8,10.3,10.8,+0.6 (+5.88%),52
Thu 04 Jan '24,10.4,10.4,10.2,10.2,−0.3 (−2.86%),900
Wed 03 Jan '24,10.5,10.5,10.5,10.5,−0.6 (−5.41%),1.75 K
Tue 02 Jan '24,10.9,11.1,10.9,11.1,+0.1 (+0.91%),1.18 K
Fri 29 Dec '23,11.1,11.1,11.0,11.0,+0.5 (+4.76%),108
Wed 27 Dec '23,10.8,10.8,10.5,10.5,−0.5 (−4.55%),850
Fri 22 Dec '23,10.8,11.0,10.8,11.0,−0.2 (−1.79%),1.1 K
Thu 21 Dec '23,11.0,11.2,11.0,11.2,+0.2 (+1.82%),100
Tue 19 Dec '23,11.0,11.0,11.0,11.0,−0.2 (−1.79%),200
Mon 18 Dec '23,10.5,11.2,10.5,11.2,0.0 (0.00%),2.15 K
Fri 15 Dec '23,11.2,11.2,11.2,11.2,+0.1 (+0.90%),100
Wed 13 Dec '23,11.1,11.1,11.1,11.1,+0.2 (+1.83%),100
Tue 12 Dec '23,11.3,11.3,10.5,10.9,−0.3 (−2.68%),1.7 K
Mon 11 Dec '23,10.8,11.3,10.4,11.2,−0.2 (−1.75%),7.86 K
Fri 08 Dec '23,11.4,11.4,11.4,11.4,+0.2 (+1.79%),100
Wed 06 Dec '23,10.4,11.2,10.4,11.2,+0.2 (+1.82%),1.71 K
Tue 05 Dec '23,10.9,11.4,10.9,11.0,+0.4 (+3.77%),1.53 K
Mon 04 Dec '23,10.6,10.7,10.6,10.6,−0.6 (−5.36%),1.31 K
Fri 01 Dec '23,10.4,11.2,10.4,11.2,+0.2 (+1.82%),6.3 K
Thu 30 Nov '23,10.8,11.0,10.2,11.0,+0.8 (+7.84%),1.39 K
Wed 29 Nov '23,10.5,10.5,10.2,10.2,−0.2 (−1.92%),1.75 K
Tue 28 Nov '23,10.6,10.6,10.4,10.4,0.0 (0.00%),4.08 K
Mon 27 Nov '23,10.8,10.8,10.4,10.4,−0.4 (−3.70%),1.7 K
Fri 24 Nov '23,10.1,10.8,10.0,10.8,+0.3 (+2.86%),5.7 K
Thu 23 Nov '23,10.5,10.5,10.5,10.5,−0.3 (−2.78%),340
Wed 22 Nov '23,9.7,10.9,9.7,10.8,∅ (∅%),3.25 K
Tue 21 Nov '23,9.7,10.8,9.7,10.1,−0.6 (−5.61%),1.66 K
Mon 20 Nov '23,10.7,10.7,10.7,10.7,+0.6 (+5.94%),1 K
Fri 17 Nov '23,10.1,10.1,10.1,10.1,0.0 (0.00%),1
Wed 15 Nov '23,10.2,10.2,10.1,10.1,−0.1 (−0.98%),2.65 K
Mon 13 Nov '23,10.2,10.2,10.2,10.2,−0.3 (−2.86%),1 K
Fri 10 Nov '23,10.8,11.0,10.2,10.5,−0.3 (−2.78%),58.64 K
Wed 08 Nov '23,10.1,11.5,10.1,10.8,+0.3 (+2.86%),19.51 K
Tue 07 Nov '23,10.5,10.5,10.5,10.5,−0.2 (−1.87%),2
Mon 06 Nov '23,10.1,10.7,10.0,10.7,+0.7 (+7.00%),15.15 K
Fri 03 Nov '23,10.2,10.2,10.0,10.0,−0.1 (−0.99%),501
Thu 02 Nov '23,10.0,10.1,10.0,10.1,−0.2 (−1.94%),3.16 K
Wed 01 Nov '23,10.0,10.3,10.0,10.3,+0.5 (+5.10%),12.31 K
Tue 31 Oct '23,9.9,10.3,9.8,9.8,−0.2 (−2.00%),110
Mon 30 Oct '23,10.0,10.0,10.0,10.0,+0.2 (+2.04%),1
Fri 27 Oct '23,10.4,10.4,9.8,9.8,−0.2 (−2.00%),1.12 K
Thu 26 Oct '23,10.0,10.0,10.0,10.0,0.0 (0.00%),200
Wed 25 Oct '23,10.4,10.4,10.0,10.0,−0.1 (−0.99%),446
Tue 24 Oct '23,10.1,10.1,10.1,10.1,0.0 (0.00%),1.4 K
Mon 23 Oct '23,10.1,10.1,10.1,10.1,+0.1 (+1.00%),205
Fri 20 Oct '23,10.0,10.0,10.0,10.0,+0.1 (+1.01%),30
Fri 26 May '23,10.6,11.0,10.2,10.2,+0.2 (+2.00%),1.41 K
Thu 25 May '23,10.0,10.5,10.0,10.0,−0.6 (−5.66%),171
Wed 24 May '23,10.7,10.7,10.6,10.6,+0.6 (+6.00%),30
Tue 23 May '23,10.1,10.1,10.0,10.0,−0.7 (−6.54%),2 K
Mon 22 May '23,9.9,10.7,9.9,10.7,+0.5 (+4.90%),3.6 K
Fri 19 May '23,10.2,10.2,10.2,10.2,−0.4 (−3.77%),5 K
Thu 18 May '23,10.3,10.6,10.3,10.6,+0.2 (+1.92%),664
Wed 17 May '23,10.7,10.7,10.4,10.4,−0.3 (−2.80%),73
Tue 16 May '23,10.9,10.9,10.7,10.7,−0.2 (−1.83%),600
Mon 15 May '23,11.1,11.1,10.9,10.9,+0.2 (+1.87%),3.62 K
Fri 12 May '23,10.4,11.0,10.4,10.7,+0.3 (+2.88%),13.15 K
Thu 11 May '23,10.4,10.5,10.4,10.4,−0.1 (−0.95%),400
Wed 10 May '23,11.0,11.0,10.5,10.5,+0.1 (+0.96%),7 K
Tue 09 May '23,10.5,10.9,10.4,10.4,−0.2 (−1.89%),2.6 K
Mon 08 May '23,10.6,10.6,10.6,10.6,+0.1 (+0.95%),2 K
Thu 04 May '23,10.5,10.5,10.5,10.5,−0.5 (−4.55%),1
Wed 03 May '23,11.0,11.0,11.0,11.0,+0.5 (+4.76%),50
Tue 02 May '23,11.1,11.1,10.5,10.5,−0.5 (−4.55%),13.59 K
Fri 28 Apr '23,11.0,11.0,11.0,11.0,0.0 (0.00%),90
Thu 27 Apr '23,11.0,11.0,11.0,11.0,−0.6 (−5.17%),940
Wed 26 Apr '23,11.8,11.8,11.1,11.6,+0.5 (+4.50%),250
Tue 25 Apr '23,11.6,11.6,11.1,11.1,−0.7 (−5.93%),11
Fri 21 Apr '23,11.1,11.8,11.1,11.8,+0.8 (+7.27%),3.6 K
Thu 20 Apr '23,11.8,11.8,11.0,11.0,−0.1 (−0.90%),14.11 K
Wed 19 Apr '23,11.8,11.9,11.1,11.1,−0.2 (−1.77%),3.38 K
Tue 18 Apr '23,11.5,11.8,11.0,11.3,+0.2 (+1.80%),4.87 K
Mon 17 Apr '23,11.5,11.6,11.1,11.1,−0.6 (−5.13%),852
Wed 12 Apr '23,11.5,11.7,11.4,11.7,+0.7 (+6.36%),2.27 K
Tue 11 Apr '23,11.0,11.5,11.0,11.0,−0.1 (−0.90%),5.12 K
Mon 10 Apr '23,11.8,11.8,11.1,11.1,−0.4 (−3.48%),1.48 K
Thu 06 Apr '23,11.0,11.5,11.0,11.5,0.0 (0.00%),300
Tue 04 Apr '23,11.1,11.5,11.0,11.5,+0.4 (+3.60%),1.52 K
Mon 03 Apr '23,11.2,11.2,11.1,11.1,−0.4 (−3.48%),200
Fri 31 Mar '23,11.4,11.8,11.2,11.5,+0.5 (+4.55%),3.2 K
Thu 30 Mar '23,11.4,11.4,10.9,11.0,−0.5 (−4.35%),2.99 K
Wed 29 Mar '23,11.0,11.5,10.8,11.5,∅ (∅%),9.89 K
Tue 28 Mar '23,11.0,11.0,11.0,11.0,+0.4 (+3.77%),540
Mon 27 Mar '23,11.4,11.4,10.6,10.6,−0.5 (−4.50%),1.11 K
Fri 24 Mar '23,11.0,11.5,11.0,11.1,+0.7 (+6.73%),3.69 K
Thu 23 Mar '23,10.5,10.9,10.4,10.4,−0.6 (−5.45%),2.49 K
Wed 22 Mar '23,11.0,11.1,11.0,11.0,0.0 (0.00%),2.45 K
Tue 21 Mar '23,10.8,11.0,10.8,11.0,−0.4 (−3.51%),1.22 K
Mon 20 Mar '23,11.4,11.4,11.4,11.4,+0.3 (+2.70%),10
Fri 17 Mar '23,11.1,11.1,11.0,11.1,0.0 (0.00%),3.42 K
Thu 16 Mar '23,11.4,11.5,11.1,11.1,0.0 (0.00%),1.14 K
Wed 15 Mar '23,11.0,11.4,11.0,11.1,+0.1 (+0.91%),6.42 K
Tue 14 Mar '23,11.1,11.1,11.0,11.0,−0.2 (−1.79%),7.48 K
Mon 13 Mar '23,11.3,11.3,11.2,11.2,−0.2 (−1.75%),2.2 K
Fri 10 Mar '23,11.2,11.4,11.2,11.4,+0.3 (+2.70%),2.64 K
Thu 09 Mar '23,11.1,11.1,11.1,11.1,0.0 (0.00%),10 K
Wed 08 Mar '23,11.1,11.2,11.0,11.1,−0.4 (−3.48%),31.22 K
Tue 07 Mar '23,11.5,11.6,11.0,11.5,−0.4 (−3.36%),12.25 K
Fri 03 Mar '23,11.5,11.9,11.5,11.9,+0.1 (+0.85%),36.55 K
Thu 02 Mar '23,11.8,11.9,11.8,11.8,+0.6 (+5.36%),14.91 K
Wed 01 Mar '23,11.4,11.9,11.2,11.2,+0.1 (+0.90%),9.31 K
Tue 28 Feb '23,11.4,11.5,11.0,11.1,−0.3 (−2.63%),5.25 K
Wed 07 Sep '22,17.3,18.0,17.0,17.1,−0.4 (−2.29%),42.85 K
Tue 06 Sep '22,17.3,17.9,17.2,17.5,+0.1 (+0.57%),36.86 K
Mon 05 Sep '22,17.5,17.9,17.3,17.4,−0.4 (−2.25%),88.66 K
Thu 01 Sep '22,18.0,18.9,17.8,17.8,−0.1 (−0.56%),198.26 K
Wed 31 Aug '22,17.5,18.4,17.5,17.9,+0.4 (+2.29%),74.53 K
Tue 30 Aug '22,18.6,18.7,17.1,17.5,−1.2 (−6.42%),183.31 K
Mon 29 Aug '22,17.4,19.0,16.5,18.7,+1.2 (+6.86%),322.93 K
Thu 25 Aug '22,18.0,19.0,17.0,17.5,−0.2 (−1.13%),63.59 K
Wed 24 Aug '22,19.5,19.5,17.6,17.7,−1.6 (−8.29%),60.67 K
Tue 23 Aug '22,19.7,19.9,18.6,19.3,−0.2 (−1.03%),509.28 K
Mon 22 Aug '22,17.8,19.7,17.6,19.5,+1.5 (+8.33%),945.51 K
Fri 19 Aug '22,18.0,18.5,17.5,18.0,0.0 (0.00%),720.06 K
Thu 18 Aug '22,18.0,18.5,17.5,18.0,+0.1 (+0.56%),720.06 K
Wed 17 Aug '22,17.0,18.1,16.6,17.9,+0.9 (+5.29%),348.91 K
Tue 16 Aug '22,17.2,18.0,16.1,17.0,0.0 (0.00%),43.69 K
Mon 15 Aug '22,17.2,17.4,16.6,17.0,+1.0 (+6.25%),29.93 K
Tue 09 Aug '22,15.5,16.2,15.1,16.0,+0.5 (+3.23%),70.27 K
Mon 08 Aug '22,15.6,15.6,15.1,15.5,+0.3 (+1.97%),34.4 K
Thu 04 Aug '22,14.0,15.2,14.0,15.2,−0.3 (−1.94%),8.6 K
Wed 03 Aug '22,16.1,16.3,14.5,15.5,−0.7 (−4.32%),17.8 K
Tue 02 Aug '22,16.2,16.6,14.6,16.2,−0.4 (−2.41%),114.99 K
Mon 01 Aug '22,17.1,17.2,16.6,16.6,+1.1 (+7.10%),198.7 K
Thu 28 Jul '22,16.5,16.5,15.5,15.5,−0.7 (−4.32%),189.12 K
Wed 27 Jul '22,15.5,16.4,15.4,16.2,+1.2 (+8.00%),374.19 K
Tue 26 Jul '22,13.5,15.9,13.5,15.0,+1.7 (+12.78%),233.39 K
Mon 25 Jul '22,13.3,13.3,13.0,13.3,−0.6 (−4.32%),19.54 K
Thu 21 Jul '22,13.9,14.0,13.0,13.9,−0.2 (−1.42%),9.31 K
Wed 20 Jul '22,12.7,14.5,12.7,14.1,+0.1 (+0.71%),69.2 K
Tue 19 Jul '22,14.4,14.8,14.0,14.0,−0.3 (−2.10%),31.6 K
Mon 18 Jul '22,14.4,14.4,14.0,14.3,+0.9 (+6.72%),60.96 K
Thu 14 Jul '22,12.5,13.6,12.5,13.4,+2.3 (+20.72%),150.43 K
Mon 11 Jul '22,11.4,11.9,10.5,11.1,+0.7 (+6.73%),17.12 K
Thu 07 Jul '22,10.0,10.5,9.9,10.4,+0.6 (+6.12%),12.14 K
Wed 06 Jul '22,9.9,9.9,9.8,9.8,−0.1 (−1.01%),79
Tue 05 Jul '22,10.0,10.7,9.9,9.9,−0.1 (−1.00%),2.35 K
Mon 04 Jul '22,10.5,10.5,10.0,10.0,∅ (∅%),3.05 K
Thu 30 Jun '22,9.8,10.9,9.8,10.5,+0.4 (+3.96%),34.12 K
Tue 28 Jun '22,10.1,10.1,10.1,10.1,0.0 (0.00%),1.38 K
Mon 27 Jun '22,10.1,10.1,10.1,10.1,+0.3 (+3.06%),1 K
Thu 23 Jun '22,10.0,10.9,9.8,9.8,0.0 (0.00%),3.12 K
Wed 22 Jun '22,9.7,10.1,9.7,9.8,−0.6 (−5.77%),4.12 K
Tue 21 Jun '22,9.7,10.4,9.7,10.4,+0.5 (+5.05%),800
Mon 20 Jun '22,10.0,10.0,9.6,9.9,+0.2 (+2.06%),13.15 K
Thu 16 Jun '22,10.3,10.3,9.7,9.7,−0.6 (−5.83%),21.02 K
Wed 15 Jun '22,10.6,10.6,10.3,10.3,−1.2 (−10.43%),1.23 K
Thu 09 Jun '22,11.5,11.5,11.5,11.5,0.0 (0.00%),29.45 K
Wed 08 Jun '22,12.2,12.3,11.0,11.5,+0.5 (+4.55%),20.46 K
Tue 07 Jun '22,11.0,11.5,11.0,11.0,0.0 (0.00%),28.67 K
Mon 06 Jun '22,10.5,11.1,10.0,11.0,−0.1 (−0.90%),4.7 K
Thu 02 Jun '22,12.1,12.4,11.0,11.1,−0.9 (−7.50%),34.51 K
Wed 01 Jun '22,11.3,12.4,11.3,12.0,+0.7 (+6.19%),50.59 K
Tue 31 May '22,10.6,11.3,10.6,11.3,+0.8 (+7.62%),2.31 K
Mon 30 May '22,11.2,11.3,10.5,10.5,−0.5 (−4.55%),1.3 K
Thu 26 May '22,10.9,11.4,10.2,11.0,+0.1 (+0.92%),1.5 K
Wed 25 May '22,10.9,10.9,10.9,10.9,+0.4 (+3.81%),150
Tue 24 May '22,10.5,10.5,10.5,10.5,−0.5 (−4.55%),250
Fri 12 Nov '21,9.2,9.5,9.2,9.5,0.0 (0.00%),5.97 K
Thu 11 Nov '21,9.2,9.9,9.0,9.5,+0.3 (+3.26%),17.32 K
Wed 10 Nov '21,9.3,9.5,9.0,9.2,−0.1 (−1.08%),19.82 K
Tue 09 Nov '21,9.7,9.7,9.3,9.3,−0.1 (−1.06%),2.06 K
Mon 08 Nov '21,9.6,9.6,9.4,9.4,−0.2 (−2.08%),3.63 K
Fri 05 Nov '21,9.7,9.9,9.5,9.6,−0.2 (−2.04%),3.4 K
Wed 03 Nov '21,10.0,10.5,9.8,9.8,−0.2 (−2.00%),42.87 K
Tue 02 Nov '21,10.0,10.0,9.5,10.0,+0.4 (+4.17%),16.58 K
Mon 01 Nov '21,10.1,10.2,9.5,9.6,−0.5 (−4.95%),8.17 K
Fri 29 Oct '21,9.5,11.0,9.5,10.1,+0.6 (+6.32%),52.88 K
Thu 28 Oct '21,9.8,9.8,9.4,9.5,−0.2 (−2.06%),9.6 K
Wed 27 Oct '21,9.1,9.7,9.1,9.7,+0.3 (+3.19%),2.16 K
Tue 26 Oct '21,9.2,9.4,9.0,9.4,+0.2 (+2.17%),6.93 K
Mon 25 Oct '21,9.9,9.9,9.2,9.2,−0.1 (−1.08%),4.9 K
Fri 22 Oct '21,9.1,9.8,9.0,9.3,+0.1 (+1.09%),10.09 K
Thu 21 Oct '21,9.3,9.8,9.2,9.2,0.0 (0.00%),15.38 K
Mon 18 Oct '21,9.4,9.8,9.2,9.2,−0.6 (−6.12%),8.67 K
Fri 15 Oct '21,9.9,10.2,9.5,9.8,+0.1 (+1.03%),19.4 K
Thu 14 Oct '21,9.4,11.0,9.4,9.7,+0.5 (+5.43%),274.62 K
Wed 13 Oct '21,9.2,9.4,9.1,9.2,0.0 (0.00%),22.22 K
Tue 12 Oct '21,8.9,9.2,8.9,9.2,+0.5 (+5.75%),14.03 K
Mon 11 Oct '21,9.2,9.2,8.7,8.7,−0.5 (−5.43%),3.95 K
Fri 08 Oct '21,8.9,9.2,8.8,9.2,+0.4 (+4.55%),3.96 K
Thu 07 Oct '21,8.7,8.9,8.7,8.8,0.0 (0.00%),8.65 K
Wed 06 Oct '21,8.7,8.8,8.7,8.8,0.0 (0.00%),12.34 K
Tue 05 Oct '21,8.8,8.8,8.7,8.8,0.0 (0.00%),4.6 K
Mon 04 Oct '21,8.7,8.9,8.7,8.8,−0.1 (−1.12%),2.46 K
Fri 01 Oct '21,8.7,9.0,8.7,8.9,+0.2 (+2.30%),24.46 K
Thu 30 Sep '21,8.8,8.8,8.6,8.7,0.0 (0.00%),8.22 K
Wed 29 Sep '21,8.9,8.9,8.7,8.7,0.0 (0.00%),8.13 K
Tue 28 Sep '21,8.8,9.0,8.7,8.7,−0.3 (−3.33%),95.54 K
Mon 27 Sep '21,9.2,9.2,8.8,9.0,−0.1 (−1.10%),27.43 K
Fri 24 Sep '21,9.9,10.0,9.1,9.1,−0.7 (−7.14%),9.25 K
Thu 23 Sep '21,8.9,10.0,8.9,9.8,+1.2 (+13.95%),117.58 K
Wed 22 Sep '21,8.4,8.9,8.4,8.6,+0.3 (+3.61%),17 K
Tue 21 Sep '21,8.7,8.7,8.3,8.3,∅ (∅%),20 K
Fri 17 Sep '21,8.4,8.5,8.4,8.5,+0.1 (+1.19%),10
Thu 16 Sep '21,8.5,8.6,8.4,8.4,−0.1 (−1.18%),20.21 K
Wed 15 Sep '21,8.4,8.8,8.4,8.5,+0.2 (+2.41%),3.59 K
Tue 14 Sep '21,8.5,8.5,8.3,8.3,−0.6 (−6.74%),6.6 K
Mon 13 Sep '21,8.5,9.0,8.3,8.9,+0.3 (+3.49%),2.86 K
Fri 10 Sep '21,8.4,8.7,8.3,8.6,−0.3 (−3.37%),39.7 K
Thu 09 Sep '21,8.7,8.9,8.6,8.9,+0.6 (+7.23%),200
Wed 08 Sep '21,8.6,8.6,8.3,8.3,−0.7 (−7.78%),37.67 K
Tue 07 Sep '21,8.8,9.0,8.5,9.0,+0.2 (+2.27%),27.9 K
Mon 06 Sep '21,9.3,9.3,8.8,8.8,−0.6 (−6.38%),2.51 K
Fri 03 Sep '21,8.8,9.6,8.8,9.4,+0.6 (+6.82%),36.78 K
Thu 02 Sep '21,9.0,9.1,8.7,8.8,−0.5 (−5.38%),14.3 K
Wed 01 Sep '21,9.0,9.3,8.6,9.3,+0.3 (+3.33%),36.55 K
Tue 31 Aug '21,8.9,9.0,8.6,9.0,+0.1 (+1.12%),9.86 K
Mon 30 Aug '21,8.7,9.2,8.7,8.9,0.0 (0.00%),5.13 K
Fri 27 Aug '21,9.0,9.2,8.6,8.9,−0.1 (−1.11%),25.25 K
Thu 26 Aug '21,9.2,9.2,8.6,9.0,0.0 (0.00%),3.87 K
Wed 25 Aug '21,9.0,9.4,8.9,9.0,+0.5 (+5.88%),28.14 K
Tue 24 Aug '21,9.0,9.0,8.4,8.5,−0.5 (−5.56%),3.11 K
Mon 23 Aug '21,8.8,9.0,8.6,9.0,+0.7 (+8.43%),3.09 K
Mon 15 Feb '21,9.0,9.8,8.4,9.8,+0.6 (+6.52%),3.31 K
Fri 12 Feb '21,9.2,9.8,8.9,9.2,−0.3 (−3.16%),8.17 K
Thu 11 Feb '21,8.5,9.5,8.0,9.5,+0.5 (+5.56%),8.24 K
Wed 10 Feb '21,9.7,9.9,8.5,9.0,−0.1 (−1.10%),9.24 K
Tue 09 Feb '21,9.2,9.7,9.1,9.1,−0.6 (−6.19%),14.16 K
Mon 08 Feb '21,9.3,9.7,9.2,9.7,0.0 (0.00%),13.01 K
Fri 05 Feb '21,9.1,10.0,9.0,9.7,+0.7 (+7.78%),7.98 K
Wed 03 Feb '21,9.3,9.7,8.9,9.0,+0.2 (+2.27%),3.27 K
Tue 02 Feb '21,9.4,9.4,8.8,8.8,−0.6 (−6.38%),9.73 K
Mon 01 Feb '21,9.5,9.9,9.1,9.4,−0.5 (−5.05%),7.74 K
Fri 29 Jan '21,9.5,10.0,9.1,9.9,−0.1 (−1.00%),43.25 K
Wed 27 Jan '21,9.8,10.0,9.6,10.0,+0.1 (+1.01%),27.19 K
Tue 26 Jan '21,10.5,10.5,9.9,9.9,−0.3 (−2.94%),10.8 K
Mon 25 Jan '21,9.4,10.8,9.4,10.2,+0.4 (+4.08%),57 K
Fri 22 Jan '21,9.7,9.8,9.7,9.8,−0.1 (−1.01%),4.25 K
Thu 21 Jan '21,9.3,9.9,9.3,9.9,+0.6 (+6.45%),4.62 K
Wed 20 Jan '21,9.8,9.8,9.1,9.3,−0.5 (−5.10%),8.4 K
Tue 19 Jan '21,9.8,10.0,9.1,9.8,0.0 (0.00%),7.12 K
Mon 18 Jan '21,9.9,10.0,9.4,9.8,−0.1 (−1.01%),23.76 K
Fri 15 Jan '21,10.0,10.0,9.4,9.9,+0.2 (+2.06%),40.74 K
Wed 13 Jan '21,9.8,9.8,9.0,9.7,−0.1 (−1.02%),8.57 K
Tue 12 Jan '21,9.8,9.9,9.8,9.8,−0.1 (−1.01%),9.38 K
Mon 11 Jan '21,9.8,10.0,9.8,9.9,−0.1 (−1.00%),10.73 K
Fri 08 Jan '21,10.0,10.0,9.0,10.0,0.0 (0.00%),667
Thu 07 Jan '21,9.9,10.0,9.8,10.0,+0.2 (+2.04%),12.48 K
Wed 06 Jan '21,10.0,10.0,9.8,9.8,−0.2 (−2.00%),30.07 K
Tue 05 Jan '21,9.8,10.0,9.8,10.0,+0.1 (+1.01%),20.15 K
Mon 04 Jan '21,9.9,10.1,9.8,9.9,−0.1 (−1.00%),9.46 K
Thu 31 Dec '20,10.0,10.1,9.9,10.0,−0.1 (−0.99%),454
Wed 30 Dec '20,10.2,10.4,10.1,10.1,0.0 (0.00%),4.97 K
Mon 28 Dec '20,10.0,10.5,10.0,10.1,+0.2 (+2.02%),129.21 K
Thu 24 Dec '20,9.6,10.2,9.6,9.9,+0.3 (+3.13%),72.59 K
Wed 23 Dec '20,9.4,9.8,9.3,9.6,0.0 (0.00%),6.21 K
Tue 22 Dec '20,9.5,9.6,9.4,9.6,−0.1 (−1.03%),10.38 K
Mon 21 Dec '20,9.7,9.7,9.7,9.7,0.0 (0.00%),1 K
Fri 18 Dec '20,9.4,9.7,9.4,9.7,∅ (∅%),437
Thu 17 Dec '20,9.6,9.6,9.4,9.5,−0.1 (−1.04%),10.64 K
Wed 16 Dec '20,9.6,9.7,9.5,9.6,+0.1 (+1.05%),743
Tue 15 Dec '20,9.5,9.7,9.5,9.5,−0.1 (−1.04%),4.92 K
Fri 11 Dec '20,9.6,9.6,9.6,9.6,+0.1 (+1.05%),9.53 K
Thu 10 Dec '20,9.8,9.8,9.5,9.5,−0.1 (−1.04%),2.33 K
Wed 09 Dec '20,9.8,9.8,9.6,9.6,−0.2 (−2.04%),14.08 K
Tue 08 Dec '20,9.6,10.0,9.5,9.8,+0.3 (+3.16%),167.59 K
Mon 07 Dec '20,9.8,9.8,9.5,9.5,−0.2 (−2.06%),51.56 K
Fri 04 Dec '20,9.5,9.8,9.5,9.7,−0.1 (−1.02%),6.4 K
Thu 03 Dec '20,9.8,9.8,9.5,9.8,+0.2 (+2.08%),8.53 K
Wed 02 Dec '20,9.8,9.8,9.6,9.6,−0.3 (−3.03%),4.04 K
Mon 30 Nov '20,9.7,9.9,9.5,9.9,+0.2 (+2.06%),16.03 K
Fri 27 Nov '20,9.7,9.7,9.7,9.7,0.0 (0.00%),303
Thu 26 Nov '20,9.8,9.8,9.7,9.7,0.0 (0.00%),1.29 K
Wed 25 Nov '20,9.7,9.9,9.7,9.7,−0.2 (−2.02%),2.09 K
Mon 23 Nov '20,9.8,9.9,9.4,9.9,+0.1 (+1.02%),8.55 K
Fri 20 Nov '20,9.5,9.8,9.4,9.8,0.0 (0.00%),22.4 K
Thu 19 Nov '20,9.7,9.8,9.6,9.8,0.0 (0.00%),5.27 K
Wed 18 Nov '20,10.0,10.0,9.4,9.8,0.0 (0.00%),32.11 K
Mon 16 Nov '20,9.9,9.9,9.7,9.8,−0.3 (−2.97%),15.39 K
Tue 23 Jun '20,6.3,6.3,5.9,6.1,−0.3 (−4.69%),4.15 K
Mon 22 Jun '20,6.4,6.4,6.3,6.4,0.0 (0.00%),1.3 K
Fri 19 Jun '20,6.2,6.4,6.2,6.4,+0.2 (+3.23%),2.15 K
Thu 18 Jun '20,6.2,6.2,6.2,6.2,+0.3 (+5.08%),700
Wed 17 Jun '20,6.2,6.2,5.9,5.9,−0.3 (−4.84%),700
Tue 16 Jun '20,6.2,6.2,6.2,6.2,0.0 (0.00%),171
Mon 15 Jun '20,6.0,6.2,6.0,6.2,+0.2 (+3.33%),2.82 K
Fri 12 Jun '20,6.4,6.4,6.0,6.0,−0.2 (−3.23%),15.4 K
Wed 10 Jun '20,6.2,7.0,6.2,6.2,0.0 (0.00%),17.06 K
Tue 09 Jun '20,6.2,6.2,6.0,6.2,0.0 (0.00%),1.79 K
Mon 08 Jun '20,6.3,6.3,6.2,6.2,−0.1 (−1.59%),3.02 K
Wed 03 Jun '20,6.0,6.3,6.0,6.3,0.0 (0.00%),351
Tue 02 Jun '20,6.0,6.3,6.0,6.3,+0.1 (+1.61%),540
Mon 01 Jun '20,6.0,6.3,6.0,6.2,0.0 (0.00%),5.72 K
Fri 29 May '20,6.4,6.4,6.1,6.2,−0.2 (−3.13%),1.1 K
Thu 28 May '20,6.4,6.4,6.4,6.4,+0.2 (+3.23%),50
Wed 27 May '20,6.1,6.5,6.1,6.2,−0.1 (−1.59%),2.88 K
Tue 26 May '20,6.5,6.6,6.3,6.3,−0.4 (−5.97%),9.8 K
Thu 21 May '20,6.7,6.9,6.7,6.7,−0.1 (−1.47%),2.85 K
Wed 20 May '20,5.7,6.8,5.7,6.8,0.0 (0.00%),28.21 K
Tue 19 May '20,6.5,6.9,6.5,6.8,+1.0 (+17.24%),29.45 K
Mon 18 May '20,4.9,5.8,4.9,5.8,+1.0 (+20.83%),55.32 K
Fri 15 May '20,4.8,4.8,4.6,4.8,+0.1 (+2.13%),5.85 K
Thu 14 May '20,4.5,4.7,4.5,4.7,+0.7 (+17.50%),28.15 K
Tue 12 May '20,4.8,4.8,4.0,4.0,+0.3 (+8.11%),8.99 K
Mon 11 May '20,3.7,3.7,3.7,3.7,−0.5 (−11.90%),10
Thu 19 Mar '20,5.2,5.2,4.2,4.2,−1.1 (−20.75%),965
Fri 13 Mar '20,5.0,5.3,4.4,5.3,+0.1 (+1.92%),5.53 K
Wed 11 Mar '20,5.2,5.2,5.0,5.2,−0.7 (−11.86%),1.52 K
Tue 10 Mar '20,5.2,5.9,5.2,5.9,+0.4 (+7.27%),4.24 K
Fri 06 Mar '20,5.5,5.5,5.5,5.5,0.0 (0.00%),750
Wed 04 Mar '20,5.6,5.6,5.5,5.5,−0.4 (−6.78%),1.2 K
Mon 02 Mar '20,5.9,5.9,5.9,5.9,+0.1 (+1.72%),110
Fri 28 Feb '20,5.8,5.8,5.8,5.8,+0.2 (+3.57%),800
Wed 26 Feb '20,5.9,5.9,5.6,5.6,−0.4 (−6.67%),757
Mon 24 Feb '20,6.0,6.0,6.0,6.0,∅ (∅%),256
Wed 19 Feb '20,6.4,6.4,6.4,6.4,+0.4 (+6.67%),100
Tue 18 Feb '20,6.1,6.1,6.0,6.0,−0.6 (−9.09%),201
Thu 13 Feb '20,6.0,6.6,6.0,6.6,0.0 (0.00%),1.09 K
Wed 12 Feb '20,6.6,6.6,6.6,6.6,+0.6 (+10.00%),34
Tue 11 Feb '20,6.0,6.0,6.0,6.0,−0.1 (−1.64%),1.84 K
Mon 10 Feb '20,6.2,7.4,6.1,6.1,0.0 (0.00%),12.18 K
Thu 06 Feb '20,6.2,6.2,6.1,6.1,−0.1 (−1.61%),1.52 K
Tue 04 Feb '20,6.2,6.2,6.2,6.2,−0.3 (−4.62%),1
Thu 30 Jan '20,6.5,6.5,6.5,6.5,−0.2 (−2.99%),1 K
Wed 29 Jan '20,6.2,6.7,6.2,6.7,−0.1 (−1.47%),57
Tue 28 Jan '20,6.8,6.8,6.8,6.8,+0.4 (+6.25%),100
Mon 27 Jan '20,6.4,6.4,6.4,6.4,−0.3 (−4.48%),550
Thu 23 Jan '20,6.7,6.7,6.7,6.7,−0.1 (−1.47%),90
Wed 22 Jan '20,6.8,6.8,6.8,6.8,+0.4 (+6.25%),2
Tue 21 Jan '20,6.9,6.9,6.4,6.4,−0.5 (−7.25%),520
Mon 20 Jan '20,6.6,6.9,6.5,6.9,+0.1 (+1.47%),432
Thu 16 Jan '20,6.8,6.8,6.6,6.8,+0.2 (+3.03%),1.11 K
Tue 14 Jan '20,6.6,6.6,6.6,6.6,−0.4 (−5.71%),2.1 K
Thu 09 Jan '20,7.0,7.0,7.0,7.0,+0.6 (+9.37%),16
Wed 08 Jan '20,6.8,6.8,6.4,6.4,−0.4 (−5.88%),9.39 K
Wed 03 Jul '19,5.7,5.8,5.7,5.8,+0.3 (+5.45%),6.9 K
Mon 01 Jul '19,5.5,5.5,5.5,5.5,0.0 (0.00%),499
Fri 28 Jun '19,5.1,5.5,5.1,5.5,+0.4 (+7.84%),201
Wed 26 Jun '19,5.5,5.5,5.1,5.1,−0.6 (−10.53%),577
Tue 25 Jun '19,5.7,5.7,5.5,5.7,0.0 (0.00%),1.32 K
Mon 24 Jun '19,5.5,5.8,5.5,5.7,+0.2 (+3.64%),726
Fri 21 Jun '19,5.5,5.7,5.5,5.5,−0.3 (−5.17%),612
Thu 20 Jun '19,5.6,5.9,5.5,5.8,+0.4 (+7.41%),7.48 K
Wed 19 Jun '19,5.4,5.6,5.4,5.4,−0.2 (−3.57%),2.8 K
Tue 18 Jun '19,5.7,5.7,5.6,5.6,+0.1 (+1.82%),9.1 K
Mon 17 Jun '19,5.6,5.6,5.0,5.5,0.0 (0.00%),18.27 K
Fri 14 Jun '19,5.8,5.8,5.5,5.5,+0.1 (+1.85%),410
Thu 13 Jun '19,5.2,5.5,5.2,5.4,+0.2 (+3.85%),40.57 K
Wed 12 Jun '19,5.1,5.2,5.0,5.2,+0.2 (+4.00%),20.39 K
Tue 11 Jun '19,5.0,5.0,5.0,5.0,−0.1 (−1.96%),9.42 K
Mon 10 Jun '19,5.0,5.1,5.0,5.1,+0.1 (+2.00%),2.2 K
Thu 06 Jun '19,5.0,5.0,5.0,5.0,−0.2 (−3.85%),3 K
Wed 05 Jun '19,5.1,5.2,5.1,5.2,+0.1 (+1.96%),1.7 K
Tue 04 Jun '19,4.9,5.2,4.9,5.1,+0.1 (+2.00%),18.82 K
Mon 03 Jun '19,5.0,5.5,4.9,5.0,0.0 (0.00%),22.03 K
Fri 31 May '19,5.2,5.2,5.0,5.0,−0.2 (−3.85%),7 K
Wed 29 May '19,5.0,5.2,5.0,5.2,+0.2 (+4.00%),4.29 K
Tue 28 May '19,5.3,5.3,5.0,5.0,−0.3 (−5.66%),8.3 K
Fri 24 May '19,5.6,5.6,5.0,5.3,−0.2 (−3.64%),10.3 K
Wed 22 May '19,5.5,5.5,5.5,5.5,0.0 (0.00%),770
Mon 20 May '19,5.5,5.5,5.5,5.5,+0.2 (+3.77%),600
Thu 16 May '19,5.2,5.3,5.2,5.3,+0.3 (+6.00%),2.1 K
Wed 15 May '19,5.1,5.1,5.0,5.0,−0.1 (−1.96%),1.3 K
Tue 14 May '19,5.0,5.2,5.0,5.1,−0.1 (−1.92%),3.71 K
Mon 13 May '19,5.5,5.6,5.0,5.2,−0.3 (−5.45%),22.27 K
Thu 09 May '19,5.5,5.5,5.5,5.5,−0.2 (−3.51%),1.43 K
Wed 08 May '19,5.6,5.7,5.5,5.7,+0.2 (+3.64%),13.54 K
Mon 06 May '19,5.8,5.8,5.5,5.5,−0.5 (−8.33%),8.81 K
Tue 30 Apr '19,6.1,6.1,5.8,6.0,+0.5 (+9.09%),1.07 K
Mon 29 Apr '19,6.0,6.0,5.5,5.5,−0.6 (−9.84%),3 K
Fri 26 Apr '19,5.8,6.1,5.8,6.1,∅ (∅%),885
Tue 23 Apr '19,5.7,6.2,5.7,6.2,0.0 (0.00%),235
Thu 18 Apr '19,6.2,6.2,6.2,6.2,+0.2 (+3.33%),121
Wed 17 Apr '19,6.0,6.0,5.9,6.0,0.0 (0.00%),6.71 K
Tue 16 Apr '19,6.1,6.1,6.0,6.0,−0.1 (−1.64%),455
Thu 11 Apr '19,6.0,6.2,5.9,6.1,+0.1 (+1.67%),8.51 K
Wed 10 Apr '19,5.9,6.0,5.9,6.0,−0.2 (−3.23%),5.2 K
Tue 09 Apr '19,6.2,6.2,5.9,6.2,0.0 (0.00%),482
Mon 08 Apr '19,5.9,6.2,5.9,6.2,0.0 (0.00%),544
Thu 04 Apr '19,6.2,6.2,6.2,6.2,+0.1 (+1.64%),102
Wed 03 Apr '19,6.1,6.2,6.0,6.1,+0.1 (+1.67%),5.5 K
Tue 02 Apr '19,5.9,6.1,5.9,6.0,0.0 (0.00%),1.2 K
Mon 01 Apr '19,6.0,6.0,6.0,6.0,−0.2 (−3.23%),3 K
Fri 29 Mar '19,5.9,6.2,5.6,6.2,0.0 (0.00%),17.84 K
Thu 28 Mar '19,6.0,6.2,5.9,6.2,+0.3 (+5.08%),8.88 K
Wed 27 Mar '19,5.9,5.9,5.6,5.9,+0.1 (+1.72%),5.82 K
Mon 25 Mar '19,6.0,6.1,5.8,5.8,−0.3 (−4.92%),2.02 K
Fri 22 Mar '19,5.8,6.1,5.6,6.1,+0.1 (+1.67%),1.63 K
Thu 21 Mar '19,5.8,6.0,5.8,6.0,−0.2 (−3.23%),600
Mon 18 Mar '19,6.0,6.2,6.0,6.2,0.0 (0.00%),301
Fri 15 Mar '19,6.0,6.2,6.0,6.2,+0.1 (+1.64%),551
Thu 13 Sep '18,7.3,7.3,6.8,7.2,+0.2 (+2.86%),2.8 K
Wed 12 Sep '18,7.0,7.0,6.9,7.0,0.0 (0.00%),4.9 K
Tue 11 Sep '18,7.3,7.3,6.9,7.0,−0.3 (−4.11%),1.92 K
Mon 10 Sep '18,7.4,7.4,7.0,7.3,−0.1 (−1.35%),5.28 K
Fri 07 Sep '18,7.4,7.4,7.0,7.4,0.0 (0.00%),6.92 K
Thu 06 Sep '18,7.4,7.4,7.0,7.4,0.0 (0.00%),749
Wed 05 Sep '18,7.4,7.4,7.0,7.4,0.0 (0.00%),5.85 K
Tue 04 Sep '18,7.4,7.4,7.0,7.4,+0.1 (+1.37%),1.91 K
Mon 03 Sep '18,7.5,7.5,7.0,7.3,−0.2 (−2.67%),9.44 K
Fri 31 Aug '18,7.7,7.7,7.0,7.5,−0.1 (−1.32%),11.89 K
Thu 30 Aug '18,7.2,7.7,7.2,7.6,+0.6 (+8.57%),28.12 K
Wed 29 Aug '18,6.9,7.5,6.9,7.0,+0.1 (+1.45%),10.09 K
Mon 27 Aug '18,6.9,6.9,6.9,6.9,0.0 (0.00%),50
Thu 23 Aug '18,6.9,6.9,6.9,6.9,0.0 (0.00%),3.84 K
Tue 21 Aug '18,6.9,7.0,6.8,6.9,−0.1 (−1.43%),2.3 K
Mon 20 Aug '18,7.0,7.0,6.7,7.0,+0.1 (+1.45%),7.97 K
Fri 17 Aug '18,7.0,7.0,6.9,6.9,−0.1 (−1.43%),5.35 K
Thu 16 Aug '18,7.2,7.2,7.0,7.0,−0.2 (−2.78%),5.2 K
Wed 15 Aug '18,7.0,7.2,7.0,7.2,−0.3 (−4.00%),10.97 K
Tue 14 Aug '18,7.0,7.5,7.0,7.5,+0.3 (+4.17%),10.94 K
Mon 13 Aug '18,7.5,7.5,7.0,7.2,−0.3 (−4.00%),5.48 K
Fri 10 Aug '18,7.8,7.8,7.0,7.5,−0.3 (−3.85%),9.34 K
Thu 09 Aug '18,7.2,7.8,7.2,7.8,0.0 (0.00%),296
Wed 08 Aug '18,8.0,8.0,7.2,7.8,−0.2 (−2.50%),313
Tue 07 Aug '18,7.5,8.0,7.0,8.0,0.0 (0.00%),29.1 K
Mon 06 Aug '18,8.0,8.0,8.0,8.0,0.0 (0.00%),400
Fri 03 Aug '18,7.9,8.0,7.9,8.0,0.0 (0.00%),950
Thu 02 Aug '18,7.8,8.0,7.6,8.0,0.0 (0.00%),1.76 K
Mon 30 Jul '18,8.0,8.0,8.0,8.0,−0.3 (−3.61%),2.53 K
Thu 26 Jul '18,8.0,8.3,8.0,8.3,0.0 (0.00%),1.02 K
Wed 25 Jul '18,8.0,8.3,8.0,8.3,−0.1 (−1.19%),5.5 K
Tue 24 Jul '18,8.4,8.4,7.8,8.4,0.0 (0.00%),1.1 K
Mon 23 Jul '18,9.0,9.0,8.0,8.4,−0.4 (−4.55%),1.4 K
Fri 20 Jul '18,8.4,9.0,7.5,8.8,+0.4 (+4.76%),24.74 K
Wed 18 Jul '18,8.4,8.8,8.2,8.4,0.0 (0.00%),11.4 K
Mon 16 Jul '18,8.3,8.4,8.3,8.4,∅ (∅%),302
Fri 13 Jul '18,7.5,8.4,7.5,8.3,+0.3 (+3.75%),1.1 K
Thu 12 Jul '18,8.2,8.2,7.8,8.0,−0.1 (−1.23%),2.2 K
Wed 11 Jul '18,7.6,8.2,7.6,8.1,−0.3 (−3.57%),1.43 K
Tue 10 Jul '18,8.2,8.4,8.2,8.4,+0.2 (+2.44%),703
Mon 09 Jul '18,8.2,8.2,8.2,8.2,+0.2 (+2.50%),105
Fri 06 Jul '18,7.9,8.4,7.9,8.0,+0.1 (+1.27%),11.32 K
Thu 05 Jul '18,7.5,7.9,7.5,7.9,0.0 (0.00%),6.57 K
Wed 04 Jul '18,7.5,7.9,7.5,7.9,−0.1 (−1.25%),7.3 K
Tue 03 Jul '18,8.0,8.0,7.6,8.0,0.0 (0.00%),609
Mon 02 Jul '18,7.6,8.0,7.6,8.0,+0.1 (+1.27%),1.06 K
Fri 29 Jun '18,7.9,8.1,7.9,7.9,+0.2 (+2.60%),2.2 K
Thu 28 Jun '18,8.1,8.1,7.7,7.7,−0.5 (−6.10%),447
Tue 26 Jun '18,8.2,8.2,7.8,8.2,+0.2 (+2.50%),3.45 K
Mon 25 Jun '18,7.5,8.0,7.4,8.0,−0.4 (−4.76%),2.7 K
Fri 22 Jun '18,7.9,8.9,7.2,8.4,+0.6 (+7.69%),19.27 K
Thu 21 Jun '18,7.4,7.8,7.3,7.8,+0.4 (+5.41%),5.64 K
Wed 20 Jun '18,7.7,8.0,7.1,7.4,−0.4 (−5.13%),42.02 K
Tue 19 Jun '18,7.8,8.2,7.6,7.8,0.0 (0.00%),37.1 K
Mon 18 Jun '18,7.9,8.0,7.5,7.8,−0.2 (−2.50%),16.66 K
Thu 14 Jun '18,7.9,8.0,7.5,8.0,+0.3 (+3.90%),14.68 K
Wed 20 Dec '17,12.3,12.3,12.3,12.3,+0.8 (+6.96%),1 K
Tue 19 Dec '17,11.6,11.6,11.5,11.5,0.0 (0.00%),200
Mon 18 Dec '17,12.1,12.1,11.5,11.5,−0.6 (−4.96%),2.4 K
Fri 15 Dec '17,13.3,13.3,12.1,12.1,−1.2 (−9.02%),31.77 K
Thu 14 Dec '17,11.8,13.3,11.8,13.3,+2.0 (+17.70%),93.04 K
Wed 13 Dec '17,11.3,11.3,11.0,11.3,−0.3 (−2.59%),7.38 K
Tue 12 Dec '17,11.1,11.7,11.1,11.6,+0.5 (+4.50%),2.81 K
Mon 11 Dec '17,11.1,11.1,11.1,11.1,−0.1 (−0.89%),1.13 K
Fri 08 Dec '17,11.5,11.8,11.2,11.2,−0.6 (−5.08%),9.87 K
Thu 07 Dec '17,12.0,12.0,11.7,11.8,−0.2 (−1.67%),1.88 K
Wed 06 Dec '17,11.0,13.0,11.0,12.0,0.0 (0.00%),237
Tue 05 Dec '17,12.6,12.6,12.0,12.0,−0.5 (−4.00%),22.74 K
Mon 04 Dec '17,12.7,12.7,12.5,12.5,−0.3 (−2.34%),6.45 K
Thu 30 Nov '17,12.8,13.2,12.8,12.8,−0.2 (−1.54%),141
Tue 28 Nov '17,13.3,13.3,13.0,13.0,−0.5 (−3.70%),5.6 K
Thu 23 Nov '17,13.5,14.0,13.5,13.5,−0.2 (−1.46%),1.72 K
Wed 22 Nov '17,13.3,13.7,13.3,13.7,+0.1 (+0.74%),2.6 K
Tue 21 Nov '17,14.4,14.4,13.5,13.6,−0.8 (−5.56%),12.69 K
Mon 20 Nov '17,14.4,14.4,13.7,14.4,+0.2 (+1.41%),19.09 K
Fri 17 Nov '17,14.5,14.5,14.2,14.2,−0.1 (−0.70%),4.36 K
Thu 16 Nov '17,13.4,14.7,13.2,14.3,+1.2 (+9.16%),53.63 K
Wed 15 Nov '17,11.9,13.2,11.9,13.1,+1.2 (+10.08%),88.02 K
Tue 14 Nov '17,12.8,12.8,11.9,11.9,−0.7 (−5.56%),59.7 K
Mon 13 Nov '17,13.4,13.8,12.2,12.6,−1.4 (−10.00%),46.28 K
Fri 10 Nov '17,14.6,15.2,13.5,14.0,−0.2 (−1.41%),31.22 K
Thu 09 Nov '17,16.9,16.9,14.2,14.2,−4.4 (−23.66%),235.58 K
Tue 07 Nov '17,18.5,18.6,18.3,18.6,−0.2 (−1.06%),15.3 K
Mon 06 Nov '17,18.8,19.0,18.5,18.8,−0.2 (−1.05%),10.26 K
Thu 02 Nov '17,19.0,19.0,18.6,19.0,+0.1 (+0.53%),34.28 K
Wed 01 Nov '17,19.5,19.7,18.9,18.9,−0.6 (−3.08%),147.4 K
Tue 31 Oct '17,19.3,19.6,19.0,19.5,+0.4 (+2.09%),108.65 K
Mon 30 Oct '17,18.5,19.3,18.5,19.1,+0.6 (+3.24%),262.2 K
Fri 27 Oct '17,18.0,18.8,18.0,18.5,+0.6 (+3.35%),190.9 K
Thu 26 Oct '17,17.4,18.0,17.4,17.9,+0.3 (+1.70%),1.72 K
Wed 25 Oct '17,18.2,18.2,17.6,17.6,−0.5 (−2.76%),23.91 K
Tue 24 Oct '17,18.2,18.2,17.2,18.1,∅ (∅%),31.47 K
Mon 23 Oct '17,18.0,18.3,17.7,17.9,+0.1 (+0.56%),9.6 K
Fri 20 Oct '17,18.0,18.2,17.2,17.8,0.0 (0.00%),8.7 K
Thu 19 Oct '17,18.2,18.3,17.7,17.8,0.0 (0.00%),1.32 K
Tue 17 Oct '17,17.9,18.4,17.7,17.8,+0.1 (+0.56%),67.03 K
Mon 16 Oct '17,17.0,17.8,17.0,17.7,+0.3 (+1.72%),5.59 K
Fri 13 Oct '17,16.1,17.5,15.0,17.4,+1.4 (+8.75%),74 K
Thu 12 Oct '17,16.6,17.5,16.0,16.0,−1.4 (−8.05%),43.64 K
Wed 11 Oct '17,17.3,18.0,17.0,17.4,−0.1 (−0.57%),65 K
Tue 10 Oct '17,18.0,18.5,17.5,17.5,−0.5 (−2.78%),97.1 K
Mon 09 Oct '17,19.0,19.3,18.0,18.0,−1.0 (−5.26%),67.73 K
Fri 06 Oct '17,18.4,19.3,18.0,19.0,+0.3 (+1.60%),88.29 K
Wed 04 Oct '17,18.3,19.2,17.9,18.7,+0.7 (+3.89%),116.71 K
Tue 03 Oct '17,19.5,20.4,17.5,18.0,−1.4 (−7.22%),496.68 K
Mon 02 Oct '17,16.0,19.4,15.9,19.4,+3.7 (+23.57%),1.06 M
Fri 29 Sep '17,16.0,16.2,15.3,15.7,−0.1 (−0.63%),155.55 K
Thu 28 Sep '17,16.3,16.3,15.4,15.8,−0.6 (−3.66%),96.71 K
Wed 27 Sep '17,15.3,16.5,15.3,16.4,+1.2 (+7.89%),659.96 K
Tue 26 Sep '17,14.9,15.4,14.9,15.2,+0.5 (+3.40%),226.02 K
Mon 25 Sep '17,15.0,15.0,14.5,14.7,−0.1 (−0.68%),71.37 K
Fri 22 Sep '17,15.1,15.1,14.5,14.8,−0.2 (−1.33%),22.5 K
Wed 19 Apr '17,5.9,5.9,5.8,5.9,+0.1 (+1.72%),10.08 K
Tue 18 Apr '17,5.7,5.9,5.4,5.8,+0.4 (+7.41%),12.13 K
Mon 17 Apr '17,5.6,6.0,5.4,5.4,+0.1 (+1.89%),23.39 K
Wed 12 Apr '17,5.5,5.6,5.2,5.3,−0.1 (−1.85%),75.5 K
Tue 11 Apr '17,5.6,5.6,5.2,5.4,−0.2 (−3.57%),14.62 K
Fri 07 Apr '17,5.7,5.7,5.6,5.6,+0.3 (+5.66%),560
Thu 06 Apr '17,5.4,5.7,5.1,5.3,+0.1 (+1.92%),34.21 K
Wed 05 Apr '17,5.2,5.5,5.0,5.2,0.0 (0.00%),48.36 K
Tue 04 Apr '17,5.1,5.3,4.9,5.2,−0.1 (−1.89%),11.97 K
Mon 03 Apr '17,5.0,5.3,5.0,5.3,−0.1 (−1.85%),6.1 K
Fri 31 Mar '17,5.0,5.5,5.0,5.4,+0.3 (+5.88%),15.47 K
Thu 30 Mar '17,5.2,5.7,5.0,5.1,−0.4 (−7.27%),28.16 K
Wed 29 Mar '17,6.2,6.2,5.5,5.5,−0.7 (−11.29%),5.11 K
Tue 28 Mar '17,5.2,6.2,5.0,6.2,+1.0 (+19.23%),85.64 K
Mon 27 Mar '17,5.0,5.2,5.0,5.2,+0.2 (+4.00%),1.1 K
Fri 24 Mar '17,4.8,5.0,4.8,5.0,+0.1 (+2.04%),6.76 K
Thu 23 Mar '17,4.9,4.9,4.8,4.9,−0.1 (−2.00%),38.36 K
Wed 22 Mar '17,4.8,5.0,4.8,5.0,+0.1 (+2.04%),7.01 K
Tue 21 Mar '17,5.2,5.2,4.8,4.9,0.0 (0.00%),43.91 K
Mon 20 Mar '17,5.0,5.0,4.9,4.9,−0.1 (−2.00%),32 K
Fri 17 Mar '17,5.0,5.0,4.7,5.0,0.0 (0.00%),21.38 K
Wed 15 Mar '17,5.0,5.0,5.0,5.0,−0.1 (−1.96%),3.25 K
Mon 13 Mar '17,5.1,5.1,5.1,5.1,0.0 (0.00%),11.6 K
Fri 10 Mar '17,5.1,5.1,5.1,5.1,0.0 (0.00%),10 K
Wed 08 Mar '17,5.1,5.1,5.1,5.1,−0.2 (−3.77%),100
Tue 07 Mar '17,5.1,5.3,5.1,5.3,−0.2 (−3.64%),1.3 K
Mon 06 Mar '17,5.5,5.5,5.0,5.5,+0.1 (+1.85%),6.4 K
Thu 02 Mar '17,5.0,5.5,5.0,5.4,+0.4 (+8.00%),110
Wed 01 Mar '17,5.0,5.1,4.9,5.0,−0.1 (−1.96%),9.73 K
Tue 28 Feb '17,5.4,5.4,5.1,5.1,−0.4 (−7.27%),3.41 K
Mon 27 Feb '17,5.5,5.5,5.5,5.5,0.0 (0.00%),210
Wed 22 Feb '17,5.5,5.5,5.4,5.5,0.0 (0.00%),697
Tue 21 Feb '17,5.5,5.5,5.5,5.5,0.0 (0.00%),300
Mon 20 Feb '17,5.5,5.5,5.5,5.5,0.0 (0.00%),100
Wed 15 Feb '17,5.3,5.7,5.3,5.5,0.0 (0.00%),11.2 K
Wed 08 Feb '17,5.5,5.5,5.5,5.5,∅ (∅%),400
Tue 07 Feb '17,5.5,5.5,5.3,5.3,−0.1 (−1.85%),9.06 K
Thu 02 Feb '17,5.8,5.8,5.4,5.4,−0.3 (−5.26%),35.94 K
Wed 01 Feb '17,5.8,5.8,5.6,5.7,−0.3 (−5.00%),7.42 K
Tue 31 Jan '17,6.0,6.1,6.0,6.0,0.0 (0.00%),1.3 K
Mon 30 Jan '17,5.8,6.1,5.8,6.0,+0.2 (+3.45%),21.6 K
Fri 27 Jan '17,5.7,5.8,5.7,5.8,−0.1 (−1.69%),6.53 K
Thu 26 Jan '17,5.9,6.0,5.7,5.9,+0.1 (+1.72%),12.36 K
Wed 25 Jan '17,5.9,5.9,5.8,5.8,−0.2 (−3.33%),2.5 K
Tue 24 Jan '17,5.6,6.0,5.6,6.0,−0.7 (−10.45%),15.04 K
Thu 19 Jan '17,6.8,6.8,6.6,6.7,−0.5 (−6.94%),14.86 K
Wed 18 Jan '17,7.2,7.3,7.2,7.2,0.0 (0.00%),1.7 K
Tue 17 Jan '17,7.2,7.2,7.2,7.2,0.0 (0.00%),100
Mon 16 Jan '17,7.2,7.2,7.2,7.2,+0.8 (+12.50%),50
Thu 12 Jan '17,6.4,6.4,6.4,6.4,−0.6 (−8.57%),100
Tue 10 Jan '17,7.0,7.0,7.0,7.0,0.0 (0.00%),100
Mon 09 Jan '17,6.3,7.0,6.3,7.0,−0.3 (−4.11%),102
Thu 05 Jan '17,7.3,7.3,7.3,7.3,0.0 (0.00%),100
Wed 04 Jan '17,7.3,7.3,7.3,7.3,0.0 (0.00%),200
Tue 03 Jan '17,7.0,7.3,7.0,7.3,0.0 (0.00%),201
Mon 02 Jan '17,7.3,7.3,7.3,7.3,−0.3 (−3.95%),1 K
Tue 17 May '16,8.4,8.6,8.0,8.0,−0.3 (−3.61%),4.4 K
Fri 13 May '16,8.3,8.3,7.9,8.3,+0.5 (+6.41%),13.91 K
Thu 12 May '16,8.3,8.4,7.8,7.8,−0.4 (−4.88%),4.2 K
Wed 11 May '16,8.3,8.3,7.6,8.2,0.0 (0.00%),12.96 K
Tue 10 May '16,7.8,8.2,7.7,8.2,−0.1 (−1.20%),2.12 K
Mon 09 May '16,7.9,8.3,7.9,8.3,+0.4 (+5.06%),402
Fri 06 May '16,8.0,8.2,7.9,7.9,−0.4 (−4.82%),1.07 K
Wed 04 May '16,7.8,8.3,7.8,8.3,0.0 (0.00%),2.74 K
Mon 02 May '16,7.8,8.3,7.8,8.3,−0.1 (−1.19%),225
Fri 29 Apr '16,8.1,8.5,7.2,8.4,+0.3 (+3.70%),40.59 K
Wed 27 Apr '16,7.6,8.1,7.6,8.1,+0.1 (+1.25%),21.61 K
Tue 26 Apr '16,7.0,8.0,7.0,8.0,0.0 (0.00%),12.79 K
Mon 25 Apr '16,7.8,8.0,7.7,8.0,−0.2 (−2.44%),12.3 K
Fri 22 Apr '16,8.0,8.4,7.8,8.2,+0.2 (+2.50%),46.56 K
Wed 20 Apr '16,8.0,8.1,8.0,8.0,−0.6 (−6.98%),50.65 K
Tue 19 Apr '16,8.8,8.8,8.5,8.6,0.0 (0.00%),3.49 K
Mon 18 Apr '16,7.9,8.6,7.9,8.6,−0.2 (−2.27%),1.12 K
Thu 14 Apr '16,8.5,8.8,7.9,8.8,+0.6 (+7.32%),14.91 K
Tue 12 Apr '16,8.4,8.4,8.2,8.2,−0.2 (−2.38%),8.55 K
Mon 11 Apr '16,8.0,8.5,7.5,8.4,+0.4 (+5.00%),1.5 K
Thu 07 Apr '16,8.0,8.2,8.0,8.0,−0.3 (−3.61%),2.8 K
Tue 05 Apr '16,8.0,8.3,8.0,8.3,0.0 (0.00%),858
Mon 04 Apr '16,8.2,8.3,8.2,8.3,+0.6 (+7.79%),200
Thu 31 Mar '16,7.6,7.7,7.6,7.7,+0.1 (+1.32%),1.47 K
Wed 30 Mar '16,7.8,7.8,7.0,7.6,0.0 (0.00%),1.55 K
Tue 29 Mar '16,7.6,7.6,7.3,7.6,0.0 (0.00%),12.41 K
Mon 28 Mar '16,7.6,7.8,7.6,7.6,−0.3 (−3.80%),1.11 K
Wed 23 Mar '16,7.8,7.9,7.8,7.9,+0.1 (+1.28%),111
Mon 21 Mar '16,7.1,7.9,7.1,7.8,−0.1 (−1.27%),1.91 K
Thu 17 Mar '16,6.8,7.9,6.8,7.9,−0.1 (−1.25%),2
Fri 11 Mar '16,8.0,8.0,8.0,8.0,+1.0 (+14.29%),120
Wed 09 Mar '16,5.8,7.0,5.8,7.0,0.0 (0.00%),202
Tue 08 Mar '16,6.5,7.0,6.5,7.0,0.0 (0.00%),1.32 K
Thu 03 Mar '16,7.2,7.2,7.0,7.0,−0.2 (−2.78%),2.75 K
Mon 29 Feb '16,7.3,7.3,7.2,7.2,−0.6 (−7.69%),3.15 K
Thu 25 Feb '16,8.0,8.0,7.1,7.8,∅ (∅%),644
Wed 24 Feb '16,8.2,8.2,7.2,7.2,−1.0 (−12.20%),5.59 K
Mon 22 Feb '16,8.5,8.6,7.5,8.2,−0.3 (−3.53%),5.37 K
Fri 19 Feb '16,7.0,8.9,7.0,8.5,+0.7 (+8.97%),62.97 K
Wed 17 Feb '16,7.4,7.8,7.4,7.8,+0.1 (+1.30%),8.35 K
Tue 16 Feb '16,7.0,7.8,6.8,7.7,+0.7 (+10.00%),12.46 K
Mon 15 Feb '16,6.9,7.3,6.7,7.0,+0.3 (+4.48%),5.13 K
Thu 11 Feb '16,6.9,7.2,6.7,6.7,−0.3 (−4.29%),12.58 K
Wed 10 Feb '16,7.0,7.0,6.9,7.0,0.0 (0.00%),562
Tue 09 Feb '16,7.2,7.4,7.0,7.0,−0.3 (−4.11%),9.01 K
Mon 08 Feb '16,7.6,7.6,7.3,7.3,−0.3 (−3.95%),5.02 K
Fri 05 Feb '16,7.5,7.7,7.4,7.6,−0.1 (−1.30%),6.22 K
Tue 02 Feb '16,7.1,7.7,7.0,7.7,+0.1 (+1.32%),11.8 K
Mon 01 Feb '16,7.2,7.6,7.1,7.6,−0.3 (−3.80%),32.1 K
Thu 28 Jan '16,7.2,7.9,7.2,7.9,+0.8 (+11.27%),10.28 K
Wed 27 Jan '16,7.3,8.0,7.1,7.1,−0.2 (−2.74%),3.29 K
Tue 26 Jan '16,7.3,7.3,6.9,7.3,0.0 (0.00%),5.31 K
Thu 21 Jan '16,7.3,7.3,7.0,7.3,0.0 (0.00%),891
Wed 20 Jan '16,7.2,7.3,7.2,7.3,+0.1 (+1.39%),3.01 K
Tue 19 Jan '16,7.2,7.2,7.2,7.2,+0.4 (+5.88%),1
Mon 18 Jan '16,7.4,7.4,6.8,6.8,−0.6 (−8.11%),4.5 K
Thu 25 Jun '15,10.1,10.6,10.1,10.6,+0.3 (+2.91%),6.54 K
Wed 24 Jun '15,10.6,10.6,10.2,10.3,−0.1 (−0.96%),3.2 K
Tue 23 Jun '15,10.7,10.7,10.4,10.4,−0.1 (−0.95%),5.61 K
Mon 22 Jun '15,10.5,10.5,10.5,10.5,0.0 (0.00%),500
Fri 19 Jun '15,10.6,10.6,10.5,10.5,0.0 (0.00%),665
Thu 18 Jun '15,10.4,10.5,10.0,10.5,+0.1 (+0.96%),3.24 K
Wed 17 Jun '15,10.5,10.5,10.4,10.4,−0.4 (−3.70%),499
Mon 15 Jun '15,10.8,10.8,10.8,10.8,+0.2 (+1.89%),2
Fri 12 Jun '15,10.5,10.6,10.0,10.6,+0.1 (+0.95%),4.6 K
Thu 11 Jun '15,10.5,10.5,10.0,10.5,+0.1 (+0.96%),6.51 K
Wed 10 Jun '15,10.4,10.4,10.1,10.4,−0.4 (−3.70%),1.09 K
Tue 09 Jun '15,10.5,10.8,10.5,10.8,0.0 (0.00%),62
Mon 08 Jun '15,10.8,10.9,10.6,10.8,+0.1 (+0.93%),540
Fri 05 Jun '15,10.6,10.7,10.6,10.7,+0.2 (+1.90%),2.24 K
Thu 04 Jun '15,10.5,10.5,10.4,10.5,−0.2 (−1.87%),2.4 K
Wed 03 Jun '15,10.7,10.7,10.5,10.7,−0.1 (−0.93%),1.73 K
Mon 01 Jun '15,10.8,10.8,10.5,10.8,0.0 (0.00%),205
Fri 29 May '15,10.6,10.9,10.6,10.8,+0.1 (+0.93%),800
Wed 27 May '15,10.5,10.7,10.4,10.7,+0.2 (+1.90%),14.59 K
Tue 26 May '15,10.2,10.5,10.2,10.5,+0.2 (+1.94%),7.75 K
Mon 25 May '15,10.1,10.4,10.0,10.3,+0.3 (+3.00%),8.04 K
Fri 22 May '15,10.0,10.0,9.8,10.0,0.0 (0.00%),12.62 K
Thu 21 May '15,9.8,10.1,9.8,10.0,+0.2 (+2.04%),12.89 K
Wed 20 May '15,9.9,10.0,9.7,9.8,−0.1 (−1.01%),24.64 K
Tue 19 May '15,10.8,10.8,9.7,9.9,−0.9 (−8.33%),69.18 K
Mon 18 May '15,11.2,11.4,10.7,10.8,−0.4 (−3.57%),26.11 K
Fri 15 May '15,11.9,11.9,11.2,11.2,+0.1 (+0.90%),4.12 K
Thu 14 May '15,11.1,11.1,11.1,11.1,+0.3 (+2.78%),200
Wed 13 May '15,12.0,12.0,10.8,10.8,−0.9 (−7.69%),27.09 K
Tue 12 May '15,11.9,12.0,11.7,11.7,−0.3 (−2.50%),77.72 K
Mon 11 May '15,12.0,12.0,11.9,12.0,0.0 (0.00%),400
Thu 07 May '15,11.8,12.2,11.7,12.0,+0.2 (+1.69%),3.69 K
Wed 06 May '15,12.2,12.2,11.7,11.8,−0.2 (−1.67%),17.98 K
Tue 05 May '15,11.8,12.0,11.8,12.0,+0.3 (+2.56%),2.6 K
Thu 30 Apr '15,11.7,12.2,11.7,11.7,−0.2 (−1.68%),70.66 K
Wed 29 Apr '15,11.8,11.9,11.7,11.9,∅ (∅%),5.69 K
Tue 28 Apr '15,12.3,12.5,11.8,11.8,−0.7 (−5.60%),94.55 K
Mon 27 Apr '15,12.3,12.5,12.3,12.5,0.0 (0.00%),10.46 K
Fri 24 Apr '15,13.0,13.0,12.3,12.5,−0.4 (−3.10%),8.11 K
Thu 23 Apr '15,12.7,12.9,12.7,12.9,0.0 (0.00%),2 K
Wed 22 Apr '15,12.9,12.9,12.9,12.9,−0.1 (−0.77%),1
Mon 20 Apr '15,13.8,14.0,12.9,13.0,−0.8 (−5.80%),56.26 K
Fri 17 Apr '15,13.0,13.8,13.0,13.8,0.0 (0.00%),5
Thu 16 Apr '15,12.8,13.9,12.8,13.8,+0.9 (+6.98%),1.74 K
Tue 14 Apr '15,12.5,12.9,12.5,12.9,+0.2 (+1.57%),80.5 K
Fri 10 Apr '15,12.7,12.7,12.7,12.7,−0.1 (−0.78%),300
Thu 09 Apr '15,12.1,12.8,12.0,12.8,+0.6 (+4.92%),4.32 K
Wed 08 Apr '15,12.1,12.2,12.1,12.2,−0.6 (−4.69%),6 K
Thu 02 Apr '15,12.9,13.5,12.1,12.8,0.0 (0.00%),65.58 K
Wed 01 Apr '15,12.4,12.8,11.0,12.8,+1.4 (+12.28%),43.19 K
Tue 31 Mar '15,11.9,11.9,10.0,11.4,−1.1 (−8.80%),203.39 K
Mon 30 Mar '15,13.0,13.0,11.9,12.5,−0.5 (−3.85%),1.95 K
Fri 27 Mar '15,12.6,13.0,12.0,13.0,0.0 (0.00%),3.21 K
Thu 26 Mar '15,13.0,13.0,13.0,13.0,0.0 (0.00%),2
Tue 24 Mar '15,12.3,13.0,12.3,13.0,−0.3 (−2.26%),153
Fri 20 Mar '15,12.5,13.4,12.5,13.3,+0.6 (+4.72%),1.18 K
Fri 10 Oct '14,15.0,15.3,14.4,15.0,+0.5 (+3.45%),1.61 K
Thu 09 Oct '14,14.5,15.5,14.3,14.5,−0.8 (−5.23%),13.24 K
Tue 07 Oct '14,15.3,15.4,15.3,15.3,−0.2 (−1.29%),23.67 K
Fri 03 Oct '14,15.5,15.6,15.4,15.5,+0.3 (+1.97%),11.37 K
Thu 02 Oct '14,15.2,15.7,15.0,15.2,+0.4 (+2.70%),51.85 K
Wed 01 Oct '14,14.8,15.2,13.9,14.8,+0.2 (+1.37%),16.94 K
Tue 30 Sep '14,14.6,14.7,13.8,14.6,+0.7 (+5.04%),3.77 K
Mon 29 Sep '14,13.9,14.9,12.8,13.9,−0.7 (−4.79%),9.52 K
Fri 26 Sep '14,14.6,15.0,14.5,14.6,+0.2 (+1.39%),13.03 K
Thu 25 Sep '14,14.4,15.0,14.4,14.4,−0.2 (−1.37%),24.09 K
Wed 24 Sep '14,14.6,15.4,14.6,14.6,−0.2 (−1.35%),3.3 K
Tue 23 Sep '14,14.8,15.4,14.6,14.8,+0.1 (+0.68%),4.66 K
Mon 22 Sep '14,14.7,15.4,14.7,14.7,−0.2 (−1.34%),16.35 K
Fri 19 Sep '14,14.9,15.5,14.9,14.9,−0.1 (−0.67%),2.79 K
Thu 18 Sep '14,15.0,15.5,15.0,15.0,+0.2 (+1.35%),9.85 K
Wed 17 Sep '14,14.8,15.5,14.8,14.8,−0.3 (−1.99%),5.4 K
Tue 16 Sep '14,15.1,15.6,15.1,15.1,−0.3 (−1.95%),13.59 K
Mon 15 Sep '14,15.4,15.6,15.0,15.4,+0.1 (+0.65%),7.32 K
Fri 12 Sep '14,15.3,15.8,14.7,15.3,−0.2 (−1.29%),30.49 K
Thu 11 Sep '14,15.5,15.5,14.9,15.5,+0.3 (+1.97%),23.8 K
Wed 10 Sep '14,15.2,15.3,15.0,15.2,−0.2 (−1.30%),323
Tue 09 Sep '14,15.4,15.5,14.7,15.4,+0.5 (+3.36%),17.03 K
Fri 05 Sep '14,14.9,15.5,14.9,14.9,−0.1 (−0.67%),21.56 K
Thu 04 Sep '14,15.0,15.7,14.1,15.0,−1.0 (−6.25%),28.62 K
Wed 03 Sep '14,16.0,16.0,15.7,16.0,0.0 (0.00%),4.52 K
Tue 02 Sep '14,16.0,16.1,15.5,16.0,+0.3 (+1.91%),24.49 K
Mon 01 Sep '14,15.7,16.0,15.5,15.7,−0.1 (−0.63%),4.44 K
Fri 29 Aug '14,15.8,16.1,15.6,15.8,−0.1 (−0.63%),20.79 K
Thu 28 Aug '14,15.9,16.1,15.5,15.9,−0.3 (−1.85%),12.19 K
Wed 27 Aug '14,16.2,16.7,16.0,16.2,−0.3 (−1.82%),45.99 K
Tue 26 Aug '14,16.5,16.9,16.2,16.5,+0.5 (+3.13%),147.93 K
Mon 25 Aug '14,16.0,16.3,15.5,16.0,+0.7 (+4.58%),177.13 K
Fri 22 Aug '14,15.3,16.0,14.5,15.3,+1.0 (+6.99%),216.59 K
Thu 21 Aug '14,14.3,14.6,13.9,14.3,+0.6 (+4.38%),138.62 K
Wed 20 Aug '14,13.7,14.0,13.4,13.7,+0.1 (+0.74%),57.02 K
Tue 19 Aug '14,13.6,13.6,13.5,13.6,∅ (∅%),1.88 K
Mon 18 Aug '14,13.9,13.9,13.5,13.9,+0.1 (+0.72%),19.99 K
Fri 15 Aug '14,13.8,14.2,13.6,13.8,+0.2 (+1.47%),45.04 K
Thu 14 Aug '14,13.6,14.3,13.6,13.6,−0.5 (−3.55%),207.91 K
Wed 13 Aug '14,14.1,14.4,13.3,14.1,+0.9 (+6.82%),331.76 K
Tue 12 Aug '14,13.2,13.3,12.6,13.2,+0.6 (+4.76%),235.75 K
Mon 11 Aug '14,12.6,12.9,12.1,12.6,+0.9 (+7.69%),331.4 K
Fri 08 Aug '14,11.7,12.0,11.6,11.7,−0.3 (−2.50%),70.12 K
Thu 07 Aug '14,12.0,12.0,11.8,12.0,+0.1 (+0.84%),6.18 K
Wed 06 Aug '14,11.9,12.0,11.6,11.9,+0.1 (+0.85%),14.25 K
Tue 05 Aug '14,11.8,11.9,11.8,11.8,−0.1 (−0.84%),5.35 K
Mon 04 Aug '14,11.9,12.0,11.8,11.9,+0.1 (+0.85%),6.84 K
Fri 01 Aug '14,11.8,12.0,11.7,11.8,+0.2 (+1.72%),2.14 K
Thu 31 Jul '14,11.6,12.3,11.5,11.6,−0.4 (−3.33%),59.13 K
Wed 30 Jul '14,12.0,12.2,12.0,12.0,+0.2 (+1.69%),2 K
Mon 28 Jul '14,11.8,12.2,11.7,11.8,−0.2 (−1.67%),3.16 K
Fri 25 Jul '14,12.0,12.4,11.9,12.0,−0.2 (−1.64%),3.49 K
Thu 24 Jul '14,12.2,12.5,12.0,12.2,+0.4 (+3.39%),98.55 K
Wed 23 Jul '14,11.8,11.9,11.5,11.8,+0.1 (+0.85%),3.16 K
Tue 22 Jul '14,11.7,11.9,11.4,11.7,+0.3 (+2.63%),8.82 K
Mon 21 Jul '14,11.4,11.9,11.2,11.4,−0.1 (−0.87%),11.23 K
Wed 26 Feb '14,10.5,10.5,10.4,10.5,+0.3 (+2.94%),6.2 K
Tue 25 Feb '14,10.2,10.2,10.2,10.2,0.0 (0.00%),622
Mon 24 Feb '14,10.2,10.2,10.2,10.2,+0.1 (+0.99%),250
Fri 21 Feb '14,10.1,10.8,10.1,10.1,0.0 (0.00%),4.22 K
Thu 20 Feb '14,10.1,10.8,10.0,10.1,−0.7 (−6.48%),5.53 K
Wed 19 Feb '14,10.8,11.4,10.8,10.8,−0.6 (−5.26%),3.66 K
Tue 18 Feb '14,11.4,11.4,11.4,11.4,0.0 (0.00%),10
Mon 17 Feb '14,11.4,11.5,11.1,11.4,−0.1 (−0.87%),630
Thu 13 Feb '14,11.5,11.5,10.9,11.5,+0.6 (+5.50%),2.4 K
Wed 12 Feb '14,10.9,11.5,10.9,10.9,−0.5 (−4.39%),2.01 K
Tue 11 Feb '14,11.4,11.7,11.4,11.4,+0.1 (+0.88%),2.23 K
Mon 10 Feb '14,11.3,11.7,11.3,11.3,−0.1 (−0.88%),110
Fri 07 Feb '14,11.4,11.7,11.4,11.4,−0.3 (−2.56%),7.39 K
Thu 06 Feb '14,11.7,12.3,11.6,11.7,0.0 (0.00%),654
Wed 05 Feb '14,11.7,12.0,11.6,11.7,+0.1 (+0.86%),8.63 K
Mon 03 Feb '14,11.6,12.0,11.6,11.6,−0.4 (−3.33%),220
Fri 31 Jan '14,12.0,12.5,11.5,12.0,0.0 (0.00%),5.04 K
Thu 30 Jan '14,12.0,12.2,11.4,12.0,0.0 (0.00%),334
Tue 28 Jan '14,12.0,12.4,11.5,12.0,−0.1 (−0.83%),5.72 K
Mon 27 Jan '14,12.1,12.4,12.1,12.1,−0.3 (−2.42%),35
Fri 24 Jan '14,12.4,12.4,12.1,12.4,−0.1 (−0.80%),840
Thu 23 Jan '14,12.5,12.5,12.4,12.5,+0.3 (+2.46%),3.29 K
Wed 22 Jan '14,12.2,12.4,12.0,12.2,+0.2 (+1.67%),2.45 K
Tue 21 Jan '14,12.0,12.4,11.9,12.0,0.0 (0.00%),1.33 K
Mon 20 Jan '14,12.0,12.2,12.0,12.0,−0.2 (−1.64%),1 K
Fri 17 Jan '14,12.2,12.7,12.1,12.2,−0.5 (−3.94%),12.5 K
Thu 16 Jan '14,12.7,12.8,12.1,12.7,+0.3 (+2.42%),10.5 K
Mon 13 Jan '14,12.4,12.7,12.3,12.4,−0.4 (−3.13%),2.85 K
Fri 10 Jan '14,12.8,12.8,12.8,12.8,+0.3 (+2.40%),108
Thu 09 Jan '14,12.5,13.0,12.4,12.5,−0.2 (−1.57%),2.4 K
Wed 08 Jan '14,12.7,13.3,12.3,12.7,0.0 (0.00%),93.43 K
Tue 07 Jan '14,12.7,12.9,12.0,12.7,+0.3 (+2.42%),8.87 K
Mon 06 Jan '14,12.4,13.3,12.3,12.4,0.0 (0.00%),324.55 K
Fri 03 Jan '14,12.4,12.8,11.0,12.4,+1.0 (+8.77%),157.5 K
Thu 02 Jan '14,11.4,11.5,10.7,11.4,+0.5 (+4.59%),1.76 K
Tue 31 Dec '13,10.9,11.4,10.6,10.9,∅ (∅%),7.05 K
Mon 30 Dec '13,10.9,11.7,10.8,10.9,+0.2 (+1.87%),1.84 K
Fri 27 Dec '13,10.7,11.2,10.6,10.7,−0.3 (−2.73%),8.27 K
Thu 26 Dec '13,11.0,11.1,10.3,11.0,−0.1 (−0.90%),14.94 K
Tue 24 Dec '13,11.1,11.1,10.3,11.1,+0.5 (+4.72%),1.78 K
Mon 23 Dec '13,10.6,10.8,10.5,10.6,−0.4 (−3.64%),235
Fri 20 Dec '13,11.0,11.8,10.7,11.0,+0.3 (+2.80%),64.41 K
Thu 19 Dec '13,10.7,10.8,10.7,10.7,+0.3 (+2.88%),30
Wed 18 Dec '13,10.4,10.8,10.2,10.4,−0.1 (−0.95%),243
Tue 17 Dec '13,10.5,10.5,10.5,10.5,0.0 (0.00%),200
Fri 13 Dec '13,10.5,10.9,10.1,10.5,−0.1 (−0.94%),3.2 K
Thu 12 Dec '13,10.6,10.9,10.6,10.6,−0.3 (−2.75%),1.3 K
Wed 11 Dec '13,10.9,10.9,10.9,10.9,+0.3 (+2.83%),2
Fri 06 Dec '13,10.6,10.9,10.1,10.6,−0.2 (−1.85%),303
Thu 05 Dec '13,10.8,11.0,10.7,10.8,+0.1 (+0.93%),2.77 K
Wed 04 Dec '13,10.7,10.7,10.7,10.7,+0.6 (+5.94%),600
Tue 03 Dec '13,10.1,10.8,10.1,10.1,−0.2 (−1.94%),7.7 K
Mon 02 Dec '13,10.3,11.0,10.1,10.3,0.0 (0.00%),11.3 K
Fri 29 Nov '13,10.3,11.2,10.3,10.3,−0.4 (−3.74%),1.5 K
Thu 28 Nov '13,10.7,10.7,10.2,10.7,+0.2 (+1.90%),110
Wed 27 Nov '13,10.5,11.0,10.0,10.5,−0.9 (−7.89%),16.39 K
Thu 27 Jun '13,13.8,14.1,13.2,13.8,+0.6 (+4.55%),5.67 K
Wed 26 Jun '13,13.2,13.8,13.1,13.2,−0.3 (−2.22%),3.35 K
Tue 25 Jun '13,13.5,14.1,13.5,13.5,0.0 (0.00%),8.78 K
Mon 24 Jun '13,13.5,14.3,13.5,13.5,−0.6 (−4.26%),2.2 K
Fri 21 Jun '13,14.1,14.7,13.8,14.1,−0.3 (−2.08%),320
Thu 20 Jun '13,14.4,14.6,13.7,14.4,+0.6 (+4.35%),825
Wed 19 Jun '13,13.8,14.5,13.6,13.8,−0.3 (−2.13%),2.47 K
Tue 18 Jun '13,14.1,14.5,14.0,14.1,0.0 (0.00%),1.03 K
Mon 17 Jun '13,14.1,14.9,14.0,14.1,−0.2 (−1.40%),6.15 K
Fri 14 Jun '13,14.3,14.8,14.3,14.3,−0.2 (−1.38%),13.22 K
Thu 13 Jun '13,14.5,14.9,14.2,14.5,+0.2 (+1.40%),2.23 K
Wed 12 Jun '13,14.3,15.1,14.1,14.3,−0.3 (−2.05%),5.27 K
Tue 11 Jun '13,14.6,15.4,14.5,14.6,−0.5 (−3.31%),32.34 K
Mon 10 Jun '13,15.1,15.5,15.1,15.1,+0.2 (+1.34%),246
Fri 07 Jun '13,14.9,15.3,14.7,14.9,−0.3 (−1.97%),7.91 K
Thu 06 Jun '13,15.2,15.6,14.4,15.2,−0.1 (−0.65%),5.34 K
Wed 05 Jun '13,15.3,15.9,15.2,15.3,−0.1 (−0.65%),46.23 K
Tue 04 Jun '13,15.4,15.5,15.0,15.4,+0.1 (+0.65%),20.12 K
Mon 03 Jun '13,15.3,15.6,14.7,15.3,+1.2 (+8.51%),101.51 K
Fri 31 May '13,14.1,14.9,14.1,14.1,0.0 (0.00%),8.93 K
Thu 30 May '13,14.1,14.9,14.1,14.1,−0.3 (−2.08%),1.22 K
Wed 29 May '13,14.4,14.9,14.1,14.4,−0.1 (−0.69%),10.75 K
Tue 28 May '13,14.5,14.5,14.0,14.5,−0.1 (−0.68%),5.4 K
Mon 27 May '13,14.6,14.9,14.1,14.6,−0.5 (−3.31%),5.4 K
Thu 23 May '13,15.1,15.1,15.1,15.1,+0.2 (+1.34%),100
Wed 22 May '13,14.9,15.0,14.7,14.9,+0.3 (+2.05%),502
Tue 21 May '13,14.6,15.3,14.6,14.6,−0.1 (−0.68%),4.81 K
Mon 20 May '13,14.7,15.4,14.7,14.7,−0.4 (−2.65%),10.95 K
Fri 17 May '13,15.1,15.6,14.8,15.1,+0.8 (+5.59%),12.41 K
Thu 16 May '13,14.3,14.9,14.2,14.3,0.0 (0.00%),920
Wed 15 May '13,14.3,14.6,14.1,14.3,−0.3 (−2.05%),12.77 K
Tue 14 May '13,14.6,15.7,14.6,14.6,−0.2 (−1.35%),18.8 K
Mon 13 May '13,14.8,14.8,14.8,14.8,0.0 (0.00%),1.9 K
Fri 10 May '13,14.8,15.5,14.7,14.8,−0.8 (−5.13%),6.24 K
Thu 09 May '13,15.6,16.4,14.5,15.6,+1.1 (+7.59%),304.57 K
Wed 08 May '13,14.5,14.8,13.8,14.5,∅ (∅%),26.15 K
Tue 07 May '13,14.6,14.8,14.0,14.6,+1.0 (+7.35%),8.9 K
Mon 06 May '13,13.6,14.0,13.5,13.6,−0.2 (−1.45%),29.37 K
Fri 03 May '13,13.8,14.5,13.7,13.8,−0.8 (−5.48%),1.56 K
Thu 02 May '13,14.6,14.9,13.6,14.6,−0.3 (−2.01%),1.7 K
Tue 30 Apr '13,14.9,14.9,14.7,14.9,+0.8 (+5.67%),9.4 K
Mon 29 Apr '13,14.1,14.9,13.5,14.1,−0.3 (−2.08%),10.2 K
Fri 26 Apr '13,14.4,14.6,14.3,14.4,−0.2 (−1.37%),2 K
Wed 24 Apr '13,14.6,15.1,14.5,14.6,−0.1 (−0.68%),15.42 K
Tue 23 Apr '13,14.7,15.6,14.4,14.7,+0.3 (+2.08%),171.07 K
Mon 22 Apr '13,14.4,14.8,13.8,14.4,+0.6 (+4.35%),128.18 K
Fri 19 Apr '13,13.8,14.0,12.7,13.8,+0.8 (+6.15%),44.21 K
Thu 18 Apr '13,13.0,13.2,12.6,13.0,+0.4 (+3.17%),2.1 K
Wed 17 Apr '13,12.6,12.7,12.5,12.6,0.0 (0.00%),5.3 K
Tue 16 Apr '13,12.6,12.8,12.6,12.6,−0.2 (−1.56%),500
Wed 10 Apr '13,12.8,13.2,12.7,12.8,+0.1 (+0.79%),1.03 K
Tue 09 Apr '13,12.7,12.7,12.5,12.7,+0.1 (+0.79%),110
Mon 08 Apr '13,12.6,12.7,12.5,12.6,−0.4 (−3.08%),1 K
Thu 04 Apr '13,13.0,13.0,13.0,13.0,−0.4 (−2.99%),350
Wed 03 Apr '13,13.4,13.4,13.4,13.4,0.0 (0.00%),1
Tue 02 Apr '13,13.4,13.8,12.4,13.4,+0.4 (+3.08%),14
Thu 25 Oct '12,18.4,19.0,17.5,18.4,+0.4 (+2.22%),18.54 K
Wed 24 Oct '12,18.0,19.0,17.1,18.0,+0.1 (+0.56%),14 K
Tue 23 Oct '12,17.9,19.0,17.0,17.9,−0.8 (−4.28%),11 K
Mon 22 Oct '12,18.7,19.0,18.2,18.7,−1.1 (−5.56%),1.06 K
Fri 19 Oct '12,19.8,20.2,19.0,19.8,−0.2 (−1.00%),6.25 K
Thu 18 Oct '12,20.0,20.0,19.4,20.0,+0.5 (+2.56%),3.03 K
Wed 17 Oct '12,19.5,20.4,19.3,19.5,−0.4 (−2.01%),620
Tue 16 Oct '12,19.9,20.0,19.8,19.9,0.0 (0.00%),1.5 K
Mon 15 Oct '12,19.9,21.4,19.5,19.9,−0.8 (−3.86%),6.8 K
Fri 12 Oct '12,20.7,21.9,20.7,20.7,−0.3 (−1.43%),99.36 K
Thu 11 Oct '12,21.0,21.2,19.4,21.0,+0.7 (+3.45%),69.42 K
Wed 10 Oct '12,20.3,21.0,20.0,20.3,−0.4 (−1.93%),54.09 K
Tue 09 Oct '12,20.7,22.0,20.6,20.7,+0.2 (+0.98%),34.24 K
Mon 08 Oct '12,20.5,21.1,20.5,20.5,0.0 (0.00%),2.3 K
Fri 05 Oct '12,20.5,21.7,20.0,20.5,−0.3 (−1.44%),58.75 K
Thu 04 Oct '12,20.8,21.9,20.0,20.8,−0.9 (−4.15%),79.05 K
Wed 03 Oct '12,21.7,22.3,20.8,21.7,−0.2 (−0.91%),34.56 K
Tue 02 Oct '12,21.9,22.4,20.2,21.9,−0.1 (−0.45%),50.94 K
Mon 01 Oct '12,22.0,22.7,21.8,22.0,+0.2 (+0.92%),311.74 K
Fri 28 Sep '12,21.8,22.5,21.0,21.8,+0.9 (+4.31%),201.96 K
Thu 27 Sep '12,20.9,21.8,18.6,20.9,+1.6 (+8.29%),230.31 K
Wed 26 Sep '12,19.3,19.7,18.0,19.3,+2.7 (+16.27%),250.97 K
Tue 25 Sep '12,16.6,17.6,16.0,16.6,+0.3 (+1.84%),11.29 K
Mon 24 Sep '12,16.3,17.5,16.0,16.3,−0.9 (−5.23%),32.9 K
Fri 21 Sep '12,17.2,19.0,16.0,17.2,+1.7 (+10.97%),358.83 K
Thu 20 Sep '12,15.5,16.0,14.3,15.5,−0.4 (−2.52%),21.01 K
Wed 19 Sep '12,15.9,16.0,14.9,15.9,+0.1 (+0.63%),37.34 K
Tue 18 Sep '12,15.8,16.5,15.5,15.8,−1.1 (−6.51%),23.2 K
Mon 17 Sep '12,16.9,16.9,14.8,16.9,+1.1 (+6.96%),81 K
Fri 14 Sep '12,15.8,16.1,15.3,15.8,+0.7 (+4.64%),87.6 K
Thu 13 Sep '12,15.1,15.3,13.7,15.1,+1.2 (+8.63%),127.9 K
Wed 12 Sep '12,13.9,14.8,13.7,13.9,−0.1 (−0.71%),17.2 K
Tue 11 Sep '12,14.0,15.5,13.8,14.0,−1.2 (−7.89%),19.52 K
Mon 10 Sep '12,15.2,16.0,15.1,15.2,+0.3 (+2.01%),3.28 K
Fri 07 Sep '12,14.9,15.0,13.2,14.9,+1.5 (+11.19%),57.43 K
Thu 06 Sep '12,13.4,13.5,12.4,13.4,∅ (∅%),11.3 K
Wed 05 Sep '12,13.3,13.7,12.5,13.3,−0.7 (−5.00%),17.7 K
Tue 04 Sep '12,14.0,14.4,11.8,14.0,+1.9 (+15.70%),106.75 K
Mon 03 Sep '12,12.1,12.4,11.3,12.1,+0.6 (+5.22%),34.71 K
Thu 30 Aug '12,11.5,11.6,10.3,11.5,0.0 (0.00%),62.71 K
Wed 29 Aug '12,11.5,11.6,11.3,11.5,+0.2 (+1.77%),7.85 K
Tue 28 Aug '12,11.3,11.6,10.6,11.3,0.0 (0.00%),3.2 K
Mon 27 Aug '12,11.3,11.5,10.6,11.3,+1.0 (+9.71%),20.76 K
Fri 24 Aug '12,10.3,10.4,10.2,10.3,−0.4 (−3.74%),2.74 K
Thu 23 Aug '12,10.7,10.8,10.1,10.7,+0.1 (+0.94%),25.51 K
Wed 22 Aug '12,10.6,10.9,10.0,10.6,+0.5 (+4.95%),32.07 K
Tue 21 Aug '12,10.1,10.1,10.0,10.1,+0.1 (+1.00%),701
Mon 20 Aug '12,10.0,10.0,9.7,10.0,0.0 (0.00%),1.81 K
Fri 17 Aug '12,10.0,10.1,10.0,10.0,−0.2 (−1.96%),5.2 K
Thu 16 Aug '12,10.2,10.2,10.2,10.2,+0.2 (+2.00%),550
Wed 15 Aug '12,10.0,10.2,9.7,10.0,0.0 (0.00%),5.83 K
Tue 14 Aug '12,10.0,10.0,9.5,10.0,+0.1 (+1.01%),1.03 K
Mon 13 Aug '12,9.9,9.9,9.9,9.9,+0.1 (+1.02%),100
Fri 10 Aug '12,9.8,10.2,9.6,9.8,+0.1 (+1.03%),4.29 K
Thu 09 Aug '12,9.7,10.3,9.7,9.7,+0.1 (+1.04%),3.11 K
Wed 08 Aug '12,9.6,9.7,9.5,9.6,+0.2 (+2.13%),775
Fri 27 Apr '12,10.5,10.5,10.5,10.5,−0.1 (−0.94%),300
Thu 26 Apr '12,10.6,10.6,10.2,10.6,+0.2 (+1.92%),19.42 K
Wed 25 Apr '12,10.4,10.4,10.4,10.4,−0.1 (−0.95%),1.3 K
Tue 24 Apr '12,10.5,10.5,10.4,10.5,−0.1 (−0.94%),202
Mon 23 Apr '12,10.6,10.6,10.6,10.6,0.0 (0.00%),3.4 K
Fri 20 Apr '12,10.6,10.6,10.6,10.6,−0.5 (−4.50%),700
Thu 19 Apr '12,11.1,11.5,10.1,11.1,+0.7 (+6.73%),12.4 K
Wed 18 Apr '12,10.4,10.6,10.3,10.4,−0.3 (−2.80%),2.7 K
Tue 17 Apr '12,10.7,10.7,10.6,10.7,−0.2 (−1.83%),4.45 K
Mon 16 Apr '12,10.9,11.0,10.9,10.9,+0.1 (+0.93%),8.03 K
Wed 11 Apr '12,10.8,11.0,10.1,10.8,−0.2 (−1.82%),49.02 K
Tue 10 Apr '12,11.0,11.0,10.1,11.0,−0.1 (−0.90%),13.08 K
Mon 09 Apr '12,11.1,11.4,11.0,11.1,−0.3 (−2.63%),7 K
Thu 05 Apr '12,11.4,12.3,11.4,11.4,−0.2 (−1.72%),394
Wed 04 Apr '12,11.6,12.8,11.2,11.6,+0.1 (+0.87%),21.86 K
Tue 03 Apr '12,11.5,11.5,11.5,11.5,−0.8 (−6.50%),2.5 K
Mon 02 Apr '12,12.3,12.3,11.3,12.3,+0.6 (+5.13%),10.2 K
Fri 30 Mar '12,11.7,13.0,11.5,11.7,−0.8 (−6.40%),10.91 K
Thu 29 Mar '12,12.5,13.5,12.5,12.5,−0.9 (−6.72%),1.21 K
Wed 28 Mar '12,13.4,13.8,13.0,13.4,+0.1 (+0.75%),200
Tue 27 Mar '12,13.3,14.5,13.3,13.3,+0.2 (+1.53%),15.35 K
Mon 26 Mar '12,13.1,13.3,12.5,13.1,+0.6 (+4.80%),8.54 K
Thu 22 Mar '12,12.5,12.5,11.7,12.5,+0.2 (+1.63%),7.2 K
Wed 21 Mar '12,12.3,12.5,12.0,12.3,+0.3 (+2.50%),9.87 K
Tue 20 Mar '12,12.0,12.5,11.7,12.0,0.0 (0.00%),518
Fri 16 Mar '12,12.0,12.5,12.0,12.0,+0.1 (+0.84%),819
Thu 15 Mar '12,11.9,12.8,11.9,11.9,−0.1 (−0.83%),4.1 K
Wed 14 Mar '12,12.0,12.9,12.0,12.0,−0.5 (−4.00%),1.1 K
Tue 13 Mar '12,12.5,12.5,12.5,12.5,+0.3 (+2.46%),7.2 K
Fri 09 Mar '12,12.2,13.0,12.1,12.2,0.0 (0.00%),2.02 K
Thu 08 Mar '12,12.2,12.3,12.1,12.2,−1.2 (−8.96%),2.05 K
Tue 06 Mar '12,13.4,13.5,13.4,13.4,+1.1 (+8.94%),152
Mon 05 Mar '12,12.3,12.3,12.3,12.3,−0.7 (−5.38%),400
Mon 27 Feb '12,14.2,14.2,13.0,13.0,+0.2 (+1.56%),8
Fri 24 Feb '12,14.2,14.2,12.5,12.8,−1.4 (−9.86%),1.21 K
Thu 23 Feb '12,14.2,15.1,13.8,14.2,∅ (∅%),73.7 K
